timestamp,symbol,open,high,low,close,volume
2025-08-04T21:00:00+00:00,SOL,167.22,168.71,167.2,168.45,127362.57
2025-08-04T22:00:00+00:00,SOL,168.45,169.84,168.21,169.46,170333.75
2025-08-04T23:00:00+00:00,SOL,169.46,169.76,168.93,169.56,265429.97
2025-08-05T00:00:00+00:00,SOL,169.57,169.76,168.55,169.27,173373.94
2025-08-05T01:00:00+00:00,SOL,169.26,170.0,168.14,168.17,84864.68
2025-08-05T02:00:00+00:00,SOL,168.18,169.42,167.95,169.41,46887.18
2025-08-05T03:00:00+00:00,SOL,169.4,169.41,167.56,167.88,59971.54
2025-08-05T04:00:00+00:00,SOL,167.87,168.48,167.16,167.5,72520.92
2025-08-05T05:00:00+00:00,SOL,167.46,168.54,167.4,168.4,55677.76
2025-08-05T06:00:00+00:00,SOL,168.4,169.26,167.29,167.66,68982.11
2025-08-05T07:00:00+00:00,SOL,167.65,168.5,165.74,166.22,133744.39
2025-08-05T08:00:00+00:00,SOL,166.16,167.19,165.65,166.8,103418.07
2025-08-05T09:00:00+00:00,SOL,166.79,169.37,166.72,168.84,76264.5
2025-08-05T10:00:00+00:00,SOL,168.84,171.72,168.38,171.02,152468.11
2025-08-05T11:00:00+00:00,SOL,171.01,171.62,170.55,170.88,83896.09
2025-08-05T12:00:00+00:00,SOL,170.85,171.05,166.73,167.25,317609.38
2025-08-05T13:00:00+00:00,SOL,167.21,168.12,166.62,167.82,125109.55
2025-08-05T14:00:00+00:00,SOL,167.71,167.76,163.55,164.25,639274.89
2025-08-05T15:00:00+00:00,SOL,164.25,165.26,163.01,163.7,343766.94
2025-08-05T16:00:00+00:00,SOL,163.68,164.63,162.73,163.78,163392.73
2025-08-05T17:00:00+00:00,SOL,163.79,164.88,163.33,164.75,78076.92
2025-08-05T18:00:00+00:00,SOL,164.75,164.9,162.96,163.96,103822.52
2025-08-05T19:00:00+00:00,SOL,163.95,164.46,162.19,162.71,96244.58
2025-08-05T20:00:00+00:00,SOL,162.7,163.63,162.31,162.55,113509.75
2025-08-05T21:00:00+00:00,SOL,162.55,163.37,161.55,162.31,159452.53
2025-08-05T22:00:00+00:00,SOL,162.29,163.79,161.22,163.78,183928.46
2025-08-05T23:00:00+00:00,SOL,163.77,164.46,163.48,164.01,161321.01
2025-08-06T00:00:00+00:00,SOL,164.03,164.07,162.44,162.66,102857.64
2025-08-06T01:00:00+00:00,SOL,162.64,163.04,161.61,162.8,81171.26
2025-08-06T02:00:00+00:00,SOL,162.78,163.22,161.82,162.61,33410.4
2025-08-06T03:00:00+00:00,SOL,162.64,162.71,161.09,161.78,90646.24
2025-08-06T04:00:00+00:00,SOL,161.77,162.5,161.19,162.38,119951.29
2025-08-06T05:00:00+00:00,SOL,162.37,164.76,162.07,164.19,170095.84
2025-08-06T06:00:00+00:00,SOL,164.21,164.24,163.33,163.83,70490.23
2025-08-06T07:00:00+00:00,SOL,163.85,164.56,163.56,164.16,19342.16
2025-08-06T08:00:00+00:00,SOL,164.16,164.44,162.68,163.25,61853.81
2025-08-06T09:00:00+00:00,SOL,163.23,164.46,162.89,163.92,62594.2
2025-08-06T10:00:00+00:00,SOL,163.92,164.11,162.83,163.57,31859.1
2025-08-06T11:00:00+00:00,SOL,163.57,164.56,163.17,164.12,55747.7
2025-08-06T12:00:00+00:00,SOL,164.12,164.63,162.58,163.21,143172.78
2025-08-06T13:00:00+00:00,SOL,163.24,164.6,163.03,164.22,471916.14
2025-08-06T14:00:00+00:00,SOL,164.22,167.97,163.88,167.86,609944.15
2025-08-06T15:00:00+00:00,SOL,167.85,169.37,167.19,169.08,429335.2
2025-08-06T16:00:00+00:00,SOL,169.03,169.42,167.27,167.76,267811.48
2025-08-06T17:00:00+00:00,SOL,167.73,169.12,167.16,169.09,103119.56
2025-08-06T18:00:00+00:00,SOL,169.09,169.93,168.34,168.45,340861.16
2025-08-06T19:00:00+00:00,SOL,168.47,169.09,167.93,168.82,446436.32
2025-08-06T20:00:00+00:00,SOL,168.82,168.88,167.68,167.97,161128.43
2025-08-06T21:00:00+00:00,SOL,167.91,168.5,167.23,167.96,83554.04
2025-08-06T22:00:00+00:00,SOL,168.0,168.47,167.78,168.33,45578.98
2025-08-06T23:00:00+00:00,SOL,168.34,168.37,167.85,168.04,22365.29
2025-08-07T00:00:00+00:00,SOL,168.03,168.33,167.48,167.79,29338.44
2025-08-07T01:00:00+00:00,SOL,167.87,168.93,167.6,167.81,139398.16
2025-08-07T02:00:00+00:00,SOL,167.78,167.95,166.71,167.0,95387.38
2025-08-07T03:00:00+00:00,SOL,166.99,167.37,166.6,166.82,40787.79
2025-08-07T04:00:00+00:00,SOL,166.82,167.51,166.68,167.07,31231.45
2025-08-07T05:00:00+00:00,SOL,167.07,168.68,166.82,168.67,65280.37
2025-08-07T06:00:00+00:00,SOL,168.68,169.68,168.51,169.09,112935.03
2025-08-07T07:00:00+00:00,SOL,169.11,170.28,169.11,169.94,85023.33
2025-08-07T08:00:00+00:00,SOL,169.95,170.48,169.19,169.3,71068.61
2025-08-07T09:00:00+00:00,SOL,169.31,169.7,169.01,169.66,58909.94
2025-08-07T10:00:00+00:00,SOL,169.6,173.31,169.36,173.1,416179.76
2025-08-07T11:00:00+00:00,SOL,173.11,173.43,172.52,172.75,344451.08
2025-08-07T12:00:00+00:00,SOL,172.76,173.09,171.44,172.32,245546.41
2025-08-07T13:00:00+00:00,SOL,172.35,172.55,171.17,171.58,485113.8
2025-08-07T14:00:00+00:00,SOL,171.57,171.66,169.82,170.16,221596.77
2025-08-07T15:00:00+00:00,SOL,170.2,170.74,169.62,170.39,117633.14
2025-08-07T16:00:00+00:00,SOL,170.36,170.51,166.93,168.19,321585.12
2025-08-07T17:00:00+00:00,SOL,168.14,169.46,167.88,169.34,257788.85
2025-08-07T18:00:00+00:00,SOL,169.34,169.85,168.68,169.76,107777.51
2025-08-07T19:00:00+00:00,SOL,169.77,171.85,169.72,171.7,181098.47
2025-08-07T20:00:00+00:00,SOL,171.71,173.1,171.46,172.85,268742.1
2025-08-07T21:00:00+00:00,SOL,172.9,174.21,172.45,173.59,226629.61
2025-08-07T22:00:00+00:00,SOL,173.5,175.14,173.5,175.04,198933.53
2025-08-07T23:00:00+00:00,SOL,175.05,175.47,174.32,175.31,156982.75
2025-08-08T00:00:00+00:00,SOL,175.31,175.47,173.54,174.22,220901.03
2025-08-08T01:00:00+00:00,SOL,174.22,174.76,173.41,174.46,122178.26
2025-08-08T02:00:00+00:00,SOL,174.46,175.19,173.77,174.69,62534.83
2025-08-08T03:00:00+00:00,SOL,174.77,175.85,174.43,174.66,93879.37
2025-08-08T04:00:00+00:00,SOL,174.66,175.1,173.84,174.34,169980.22
2025-08-08T05:00:00+00:00,SOL,174.33,174.7,174.03,174.17,135762.97
2025-08-08T06:00:00+00:00,SOL,174.15,175.09,173.82,175.02,74826.96
2025-08-08T07:00:00+00:00,SOL,175.09,177.77,174.29,177.08,207650.08
2025-08-08T08:00:00+00:00,SOL,177.08,177.72,174.84,175.32,272856.36
2025-08-08T09:00:00+00:00,SOL,175.3,176.08,174.94,175.99,118512.69
2025-08-08T10:00:00+00:00,SOL,176.0,176.98,175.68,176.61,138803.94
2025-08-08T11:00:00+00:00,SOL,176.61,177.9,176.53,177.62,93328.4
2025-08-08T12:00:00+00:00,SOL,177.61,177.61,176.07,176.38,258721.88
2025-08-08T13:00:00+00:00,SOL,176.38,178.68,175.4,178.54,282632.29
2025-08-08T14:00:00+00:00,SOL,178.53,178.99,175.33,176.39,355138.44
2025-08-08T15:00:00+00:00,SOL,176.41,176.6,174.1,175.15,170389.47
2025-08-08T16:00:00+00:00,SOL,175.15,176.24,175.14,175.81,127998.9
2025-08-08T17:00:00+00:00,SOL,175.81,179.35,175.5,179.33,302616.27
2025-08-08T18:00:00+00:00,SOL,179.36,179.63,177.09,177.43,731212.77
2025-08-08T19:00:00+00:00,SOL,177.46,178.42,177.27,178.41,219622.21
2025-08-08T20:00:00+00:00,SOL,178.41,178.65,177.15,178.17,292380.07
2025-08-08T21:00:00+00:00,SOL,178.17,178.58,177.29,177.5,418585.31
2025-08-08T22:00:00+00:00,SOL,177.51,177.95,176.98,177.53,41658.57
2025-08-08T23:00:00+00:00,SOL,177.52,177.82,176.51,176.69,42832.23
2025-08-09T00:00:00+00:00,SOL,176.69,177.11,176.53,176.85,20551.12
2025-08-09T01:00:00+00:00,SOL,176.84,178.96,176.6,178.63,256712.53
2025-08-09T02:00:00+00:00,SOL,178.59,178.6,177.53,177.56,43549.34
2025-08-09T03:00:00+00:00,SOL,177.57,177.71,177.04,177.23,54555.91
2025-08-09T04:00:00+00:00,SOL,177.24,178.78,177.0,178.62,71516.84
2025-08-09T05:00:00+00:00,SOL,178.61,182.14,178.24,180.88,393064.23
2025-08-09T06:00:00+00:00,SOL,180.87,180.91,179.34,179.66,207427.1
2025-08-09T07:00:00+00:00,SOL,179.65,180.75,179.49,180.65,62754.84
2025-08-09T08:00:00+00:00,SOL,180.64,181.74,180.52,181.43,95189.68
2025-08-09T09:00:00+00:00,SOL,181.42,182.75,181.14,182.32,124846.54
2025-08-09T10:00:00+00:00,SOL,182.31,183.36,181.82,181.91,137538.14
2025-08-09T11:00:00+00:00,SOL,181.9,182.04,180.67,180.81,102658.44
2025-08-09T12:00:00+00:00,SOL,180.81,182.21,180.35,182.2,119518.77
2025-08-09T13:00:00+00:00,SOL,182.21,182.52,179.84,179.84,134081.13
2025-08-09T14:00:00+00:00,SOL,179.84,181.24,179.01,181.21,135809.56
2025-08-09T15:00:00+00:00,SOL,181.2,181.65,179.76,180.1,82929.61
2025-08-09T16:00:00+00:00,SOL,180.13,180.87,179.5,179.7,76313.47
2025-08-09T17:00:00+00:00,SOL,179.7,182.01,179.65,181.65,91790.83
2025-08-09T18:00:00+00:00,SOL,181.65,182.28,181.28,182.0,100262.51
2025-08-09T19:00:00+00:00,SOL,181.99,182.79,181.52,182.21,132726.47
2025-08-09T20:00:00+00:00,SOL,182.2,183.35,181.55,183.12,179600.28
2025-08-09T21:00:00+00:00,SOL,183.12,183.35,180.77,181.31,194045.68
2025-08-09T22:00:00+00:00,SOL,181.29,182.5,179.98,180.18,126088.59
2025-08-09T23:00:00+00:00,SOL,180.19,180.5,179.76,179.95,104789.36
2025-08-10T00:00:00+00:00,SOL,179.96,182.85,179.85,182.48,74201.81
2025-08-10T01:00:00+00:00,SOL,182.48,184.66,181.68,184.46,201109.15
2025-08-10T02:00:00+00:00,SOL,184.49,185.08,182.93,183.32,200101.54
2025-08-10T03:00:00+00:00,SOL,183.29,186.06,183.26,184.97,243086.59
2025-08-10T04:00:00+00:00,SOL,184.98,186.19,184.38,185.08,101157.74
2025-08-10T05:00:00+00:00,SOL,185.09,185.21,181.7,182.0,170337.84
2025-08-10T06:00:00+00:00,SOL,182.02,182.39,180.38,181.11,78372.98
2025-08-10T07:00:00+00:00,SOL,181.12,181.56,177.93,178.95,184524.2
2025-08-10T08:00:00+00:00,SOL,178.95,180.79,177.55,180.46,243722.18
2025-08-10T09:00:00+00:00,SOL,180.5,181.11,180.1,180.5,65925.83
2025-08-10T10:00:00+00:00,SOL,180.5,180.63,178.83,179.52,106658.15
2025-08-10T11:00:00+00:00,SOL,179.52,180.76,178.81,180.05,121482.26
2025-08-10T12:00:00+00:00,SOL,180.04,180.37,179.19,179.6,70775.63
2025-08-10T13:00:00+00:00,SOL,179.61,180.39,178.89,178.91,98313.58
2025-08-10T14:00:00+00:00,SOL,178.9,182.41,178.59,181.63,277517.52
2025-08-10T15:00:00+00:00,SOL,181.63,182.53,181.21,181.66,118617.99
2025-08-10T16:00:00+00:00,SOL,181.66,182.4,181.33,182.4,78982.26
2025-08-10T17:00:00+00:00,SOL,182.4,182.61,181.45,181.79,96596.58
2025-08-10T18:00:00+00:00,SOL,181.8,183.03,181.79,182.84,63279.58
2025-08-10T19:00:00+00:00,SOL,182.84,183.42,182.46,182.92,42924.24
2025-08-10T20:00:00+00:00,SOL,182.92,183.5,181.34,182.85,671666.7
2025-08-10T21:00:00+00:00,SOL,182.85,184.06,181.5,183.61,439086.1
2025-08-10T22:00:00+00:00,SOL,183.6,183.78,182.72,183.13,82648.59
2025-08-10T23:00:00+00:00,SOL,183.14,183.68,182.2,182.78,90171.15
2025-08-11T00:00:00+00:00,SOL,182.79,183.31,181.58,181.59,91282.24
2025-08-11T01:00:00+00:00,SOL,181.61,184.01,181.4,183.79,188602.44
2025-08-11T02:00:00+00:00,SOL,183.79,185.87,183.74,185.33,423513.41
2025-08-11T03:00:00+00:00,SOL,185.32,185.64,183.95,185.22,169521.85
2025-08-11T04:00:00+00:00,SOL,185.23,186.53,185.21,185.9,150227.32
2025-08-11T05:00:00+00:00,SOL,185.91,186.86,184.93,185.36,176632.62
2025-08-11T06:00:00+00:00,SOL,185.39,185.65,184.47,184.87,71946.8
2025-08-11T07:00:00+00:00,SOL,184.87,184.95,182.88,183.06,261673.51
2025-08-11T08:00:00+00:00,SOL,183.06,184.76,182.3,184.35,202991.87
2025-08-11T09:00:00+00:00,SOL,184.35,184.38,182.89,183.22,71664.23
2025-08-11T10:00:00+00:00,SOL,183.22,183.28,181.72,181.96,128620.87
2025-08-11T11:00:00+00:00,SOL,181.95,182.22,178.27,179.15,376315.72
2025-08-11T12:00:00+00:00,SOL,179.11,179.67,178.0,178.88,205580.96
2025-08-11T13:00:00+00:00,SOL,178.9,180.14,177.35,179.69,399437.66
2025-08-11T14:00:00+00:00,SOL,179.72,180.66,178.5,178.91,304293.71
2025-08-11T15:00:00+00:00,SOL,178.92,180.3,177.46,180.29,373557.28
2025-08-11T16:00:00+00:00,SOL,180.3,181.79,178.38,179.06,325248.47
2025-08-11T17:00:00+00:00,SOL,179.0,179.54,178.13,178.22,253074.85
2025-08-11T18:00:00+00:00,SOL,178.23,178.41,176.74,178.26,227412.33
2025-08-11T19:00:00+00:00,SOL,178.25,178.37,175.55,176.68,373892.97
2025-08-11T20:00:00+00:00,SOL,176.66,176.9,175.71,176.22,126028.76
2025-08-11T21:00:00+00:00,SOL,176.22,176.53,173.98,175.08,365904.06
2025-08-11T22:00:00+00:00,SOL,175.08,175.19,173.45,174.74,218383.17
2025-08-11T23:00:00+00:00,SOL,174.74,175.17,174.58,174.89,95988.97
2025-08-12T00:00:00+00:00,SOL,174.91,175.98,174.71,175.76,78631.46
2025-08-12T01:00:00+00:00,SOL,175.75,176.48,175.03,176.16,101642.72
2025-08-12T02:00:00+00:00,SOL,176.16,176.84,175.59,176.29,59837.69
2025-08-12T03:00:00+00:00,SOL,176.29,176.34,175.45,175.6,84237.2
2025-08-12T04:00:00+00:00,SOL,175.59,176.73,175.35,176.36,95872.13
2025-08-12T05:00:00+00:00,SOL,176.35,176.35,174.07,174.88,142920.54
2025-08-12T06:00:00+00:00,SOL,174.87,175.42,173.7,174.66,87835.67
2025-08-12T07:00:00+00:00,SOL,174.66,176.15,174.66,175.93,89329.17
2025-08-12T08:00:00+00:00,SOL,175.93,176.53,175.41,175.8,86551.24
2025-08-12T09:00:00+00:00,SOL,175.79,175.79,174.45,174.58,72899.67
2025-08-12T10:00:00+00:00,SOL,174.58,175.14,173.92,174.8,68748.9
2025-08-12T11:00:00+00:00,SOL,174.81,175.39,173.75,175.28,48557.46
2025-08-12T12:00:00+00:00,SOL,175.25,178.74,174.76,177.97,434899.08
2025-08-12T13:00:00+00:00,SOL,177.97,178.59,175.99,176.61,350018.66
2025-08-12T14:00:00+00:00,SOL,176.6,179.8,176.31,179.69,301948.03
2025-08-12T15:00:00+00:00,SOL,179.7,182.08,179.3,181.75,529528.76
2025-08-12T16:00:00+00:00,SOL,181.76,185.38,180.84,184.92,1194417.3400000001
2025-08-12T17:00:00+00:00,SOL,184.92,186.77,184.91,185.98,421798.96
2025-08-12T18:00:00+00:00,SOL,186.0,189.25,185.98,188.24,631929.71
2025-08-12T19:00:00+00:00,SOL,188.23,191.18,188.21,190.65,523089.66
2025-08-12T20:00:00+00:00,SOL,190.69,191.82,189.71,191.73,331460.01
2025-08-12T21:00:00+00:00,SOL,191.73,194.0,190.63,192.66,825227.89
2025-08-12T22:00:00+00:00,SOL,192.66,193.51,191.15,191.82,444448.8
2025-08-12T23:00:00+00:00,SOL,191.82,193.09,191.37,191.95,285739.8
2025-08-13T00:00:00+00:00,SOL,191.96,194.99,191.65,194.15,296364.7
2025-08-13T01:00:00+00:00,SOL,194.15,195.23,192.15,194.4,453411.88
2025-08-13T02:00:00+00:00,SOL,194.41,198.87,193.5,198.77,861519.71
2025-08-13T03:00:00+00:00,SOL,198.77,199.69,196.9,197.89,1087293.1000000001
2025-08-13T04:00:00+00:00,SOL,197.89,200.29,197.49,198.91,440890.55
2025-08-13T05:00:00+00:00,SOL,198.91,198.97,196.16,196.66,340128.36
2025-08-13T06:00:00+00:00,SOL,196.65,196.82,195.34,195.93,235985.67
2025-08-13T07:00:00+00:00,SOL,195.94,198.94,195.93,198.93,169728.95
2025-08-13T08:00:00+00:00,SOL,198.89,199.12,197.8,199.11,97339.78
2025-08-13T09:00:00+00:00,SOL,199.12,202.99,199.1,202.39,789155.16
2025-08-13T10:00:00+00:00,SOL,202.4,202.42,201.09,201.76,308417.45
2025-08-13T11:00:00+00:00,SOL,201.75,202.16,200.5,201.19,174420.36
2025-08-13T12:00:00+00:00,SOL,201.17,202.76,200.79,201.34,200023.71
2025-08-13T13:00:00+00:00,SOL,201.35,205.18,200.81,202.7,975102.1800000001
2025-08-13T14:00:00+00:00,SOL,202.7,203.06,196.05,196.34,1213276.0900000001
2025-08-13T15:00:00+00:00,SOL,196.35,198.87,194.72,197.61,942959.1899999999
2025-08-13T16:00:00+00:00,SOL,197.6,200.28,197.17,198.19,525037.26
2025-08-13T17:00:00+00:00,SOL,198.2,200.34,198.09,199.22,328123.48
2025-08-13T18:00:00+00:00,SOL,199.23,200.96,198.04,199.59,467645.55
2025-08-13T19:00:00+00:00,SOL,199.56,202.43,199.06,202.32,466537.87
2025-08-13T20:00:00+00:00,SOL,202.35,202.41,199.96,200.45,720826.48
2025-08-13T21:00:00+00:00,SOL,200.45,201.58,200.25,201.09,234801.77
2025-08-13T22:00:00+00:00,SOL,201.08,203.08,200.3,200.75,510541.09
2025-08-13T23:00:00+00:00,SOL,200.75,203.6,200.64,201.7,494870.53
2025-08-14T00:00:00+00:00,SOL,201.71,204.22,200.93,201.69,492538.63
2025-08-14T01:00:00+00:00,SOL,201.67,204.95,200.79,202.79,592119.65
2025-08-14T02:00:00+00:00,SOL,202.8,208.3,202.01,207.29,983276.3
2025-08-14T03:00:00+00:00,SOL,207.3,209.35,206.32,208.17,796545.75
2025-08-14T04:00:00+00:00,SOL,208.18,210.11,207.65,208.39,488828.56
2025-08-14T05:00:00+00:00,SOL,208.4,210.07,206.48,206.78,574183.71
2025-08-14T06:00:00+00:00,SOL,206.78,208.24,204.26,207.8,755010.12
2025-08-14T07:00:00+00:00,SOL,207.81,208.27,204.84,205.82,354793.85
2025-08-14T08:00:00+00:00,SOL,205.85,206.04,202.58,203.53,429332.19
2025-08-14T09:00:00+00:00,SOL,203.54,205.78,202.75,205.62,232273.56
2025-08-14T10:00:00+00:00,SOL,205.61,205.86,201.95,202.91,336212.29
2025-08-14T11:00:00+00:00,SOL,202.87,204.11,202.03,203.81,293189.52
2025-08-14T12:00:00+00:00,SOL,203.81,205.6,189.74,194.54,2206605.6000000001
2025-08-14T13:00:00+00:00,SOL,194.53,196.95,186.56,195.01,2288556.2000000002
2025-08-14T14:00:00+00:00,SOL,195.0,199.22,193.59,196.69,753635.42
2025-08-14T15:00:00+00:00,SOL,196.69,196.93,194.64,194.94,464544.31
2025-08-14T16:00:00+00:00,SOL,194.95,195.13,190.64,193.47,767355.3
2025-08-14T17:00:00+00:00,SOL,193.45,195.72,191.61,193.97,448430.48
2025-08-14T18:00:00+00:00,SOL,193.98,194.78,191.5,193.69,343634.29
2025-08-14T19:00:00+00:00,SOL,193.7,195.36,193.0,193.05,189346.42
2025-08-14T20:00:00+00:00,SOL,193.02,193.39,191.72,192.31,277283.13
2025-08-14T21:00:00+00:00,SOL,192.29,192.29,187.3,190.29,822110.14
2025-08-14T22:00:00+00:00,SOL,190.28,192.03,189.29,191.84,241676.6
2025-08-14T23:00:00+00:00,SOL,191.84,193.19,191.7,192.48,229351.86
2025-08-15T00:00:00+00:00,SOL,192.48,193.9,192.0,192.7,180974.23
2025-08-15T01:00:00+00:00,SOL,192.71,194.4,192.09,193.75,200917.05
2025-08-15T02:00:00+00:00,SOL,193.75,194.4,193.14,193.4,212817.43
2025-08-15T03:00:00+00:00,SOL,193.42,195.68,192.98,195.27,182781.78
2025-08-15T04:00:00+00:00,SOL,195.26,195.9,194.62,195.04,164703.61
2025-08-15T05:00:00+00:00,SOL,195.04,196.57,194.48,196.54,95396.15
2025-08-15T06:00:00+00:00,SOL,196.54,198.11,196.35,197.46,157444.47
2025-08-15T07:00:00+00:00,SOL,197.46,197.93,196.28,197.06,53605.27
2025-08-15T08:00:00+00:00,SOL,197.03,197.64,196.42,196.64,90920.8
2025-08-15T09:00:00+00:00,SOL,196.65,197.21,193.65,194.25,177643.01
2025-08-15T10:00:00+00:00,SOL,194.26,196.06,194.23,194.74,80307.43
2025-08-15T11:00:00+00:00,SOL,194.74,195.42,193.78,194.33,102637.31
2025-08-15T12:00:00+00:00,SOL,194.33,196.01,192.47,193.45,236618.37
2025-08-15T13:00:00+00:00,SOL,193.45,193.85,190.15,190.53,417607.1
2025-08-15T14:00:00+00:00,SOL,190.54,191.9,187.07,187.47,677965.74
2025-08-15T15:00:00+00:00,SOL,187.47,187.98,184.21,185.44,1046202.3100000001
2025-08-15T16:00:00+00:00,SOL,185.44,185.91,183.33,185.48,356808.43
2025-08-15T17:00:00+00:00,SOL,185.48,186.82,183.85,185.75,210125.0
2025-08-15T18:00:00+00:00,SOL,185.77,186.21,183.34,184.08,190842.84
2025-08-15T19:00:00+00:00,SOL,184.08,185.84,183.33,183.81,340338.65
2025-08-15T20:00:00+00:00,SOL,183.81,184.94,183.33,184.76,100414.92
2025-08-15T21:00:00+00:00,SOL,184.75,185.65,183.88,185.6,82993.64
2025-08-15T22:00:00+00:00,SOL,185.6,187.87,185.17,187.7,191842.94
2025-08-15T23:00:00+00:00,SOL,187.71,188.26,184.17,185.67,325602.45
2025-08-16T00:00:00+00:00,SOL,185.65,187.74,185.3,187.41,84894.96
2025-08-16T01:00:00+00:00,SOL,187.42,188.11,186.43,187.92,86725.21
2025-08-16T02:00:00+00:00,SOL,187.9,188.05,186.79,186.83,73281.61
2025-08-16T03:00:00+00:00,SOL,186.83,188.25,186.63,187.06,63192.17
2025-08-16T04:00:00+00:00,SOL,187.06,188.0,186.72,188.0,52975.62
2025-08-16T05:00:00+00:00,SOL,187.99,188.06,186.01,186.07,54289.43
2025-08-16T06:00:00+00:00,SOL,186.08,187.56,186.05,187.29,30919.72
2025-08-16T07:00:00+00:00,SOL,187.29,189.54,187.14,189.05,261325.39
2025-08-16T08:00:00+00:00,SOL,189.07,189.17,187.59,188.31,70792.14
2025-08-16T09:00:00+00:00,SOL,188.33,188.5,185.89,186.05,61533.24
2025-08-16T10:00:00+00:00,SOL,186.04,186.89,185.35,186.54,97077.99
2025-08-16T11:00:00+00:00,SOL,186.56,187.27,185.46,185.68,61838.7
2025-08-16T12:00:00+00:00,SOL,185.71,186.86,185.09,186.59,65427.71
2025-08-16T13:00:00+00:00,SOL,186.59,188.46,186.58,187.33,109560.37
2025-08-16T14:00:00+00:00,SOL,187.34,189.0,186.86,188.84,127640.89
2025-08-16T15:00:00+00:00,SOL,188.8,189.44,188.3,188.74,164105.07
2025-08-16T16:00:00+00:00,SOL,188.75,189.35,187.8,187.9,111466.07
2025-08-16T17:00:00+00:00,SOL,187.9,188.01,187.04,187.9,54829.73
2025-08-16T18:00:00+00:00,SOL,187.93,188.61,187.53,188.09,31249.85
2025-08-16T19:00:00+00:00,SOL,188.03,189.19,188.01,188.67,88247.8
2025-08-16T20:00:00+00:00,SOL,188.65,189.22,188.34,189.08,59963.66
2025-08-16T21:00:00+00:00,SOL,189.07,189.07,188.27,188.36,45994.97
2025-08-16T22:00:00+00:00,SOL,188.39,189.28,187.93,189.08,58284.63
2025-08-16T23:00:00+00:00,SOL,189.08,190.13,188.56,189.65,113129.93
2025-08-17T00:00:00+00:00,SOL,189.64,189.7,188.11,188.18,49052.37
2025-08-17T01:00:00+00:00,SOL,188.17,188.67,187.36,188.41,48893.89
2025-08-17T02:00:00+00:00,SOL,188.39,191.6,188.0,191.57,106183.78
2025-08-17T03:00:00+00:00,SOL,191.56,191.96,190.33,191.61,113352.88
2025-08-17T04:00:00+00:00,SOL,191.65,193.55,191.55,193.44,122033.68
2025-08-17T05:00:00+00:00,SOL,193.44,193.51,192.5,192.62,85493.27
2025-08-17T06:00:00+00:00,SOL,192.62,192.93,191.84,191.92,114564.44
2025-08-17T07:00:00+00:00,SOL,191.92,192.49,191.3,191.89,93811.1
2025-08-17T08:00:00+00:00,SOL,191.88,193.55,191.69,193.44,73394.25
2025-08-17T09:00:00+00:00,SOL,193.4,193.65,191.54,192.29,131543.06
2025-08-17T10:00:00+00:00,SOL,192.3,193.18,191.67,193.14,80019.61
2025-08-17T11:00:00+00:00,SOL,193.14,193.67,192.45,193.6,97726.88
2025-08-17T12:00:00+00:00,SOL,193.61,193.84,191.95,192.23,96411.61
2025-08-17T13:00:00+00:00,SOL,192.23,193.6,191.91,193.25,58757.88
2025-08-17T14:00:00+00:00,SOL,193.24,194.44,192.43,193.83,87139.22
2025-08-17T15:00:00+00:00,SOL,193.82,195.48,193.64,195.46,141039.94
2025-08-17T16:00:00+00:00,SOL,195.47,195.86,192.86,193.26,278795.04
2025-08-17T17:00:00+00:00,SOL,193.26,193.73,192.8,193.42,110032.81
2025-08-17T18:00:00+00:00,SOL,193.42,193.57,190.64,192.13,166404.64
2025-08-17T19:00:00+00:00,SOL,192.19,193.48,191.0,191.21,186204.39
2025-08-17T20:00:00+00:00,SOL,191.24,192.07,191.01,191.15,117449.25
2025-08-17T21:00:00+00:00,SOL,191.16,191.66,190.95,191.33,60617.61
2025-08-17T22:00:00+00:00,SOL,191.32,193.5,191.17,193.17,110376.35
2025-08-17T23:00:00+00:00,SOL,193.17,193.33,190.95,191.1,84930.87
2025-08-18T00:00:00+00:00,SOL,191.1,191.42,189.71,190.28,154789.57
2025-08-18T01:00:00+00:00,SOL,190.28,190.52,186.58,186.6,286877.43
2025-08-18T02:00:00+00:00,SOL,186.59,186.81,183.38,183.97,395696.87
2025-08-18T03:00:00+00:00,SOL,183.97,184.61,181.84,182.65,603186.9
2025-08-18T04:00:00+00:00,SOL,182.65,183.42,181.56,182.87,292118.96
2025-08-18T05:00:00+00:00,SOL,182.87,183.46,181.21,182.9,321754.45
2025-08-18T06:00:00+00:00,SOL,182.9,182.9,180.31,181.33,190984.23
2025-08-18T07:00:00+00:00,SOL,181.32,181.55,180.2,180.6,85453.58
2025-08-18T08:00:00+00:00,SOL,180.6,181.61,180.43,180.79,137166.11
2025-08-18T09:00:00+00:00,SOL,180.79,181.95,179.92,181.15,190121.75
2025-08-18T10:00:00+00:00,SOL,181.16,181.34,180.47,180.71,44844.76
2025-08-18T11:00:00+00:00,SOL,180.73,181.44,180.32,181.31,91428.7
2025-08-18T12:00:00+00:00,SOL,181.31,183.21,181.06,183.21,187214.18
2025-08-18T13:00:00+00:00,SOL,183.21,183.39,180.47,180.48,355963.74
2025-08-18T14:00:00+00:00,SOL,180.47,182.62,180.47,182.54,193347.28
2025-08-18T15:00:00+00:00,SOL,182.54,183.13,181.16,183.1,154177.7
2025-08-18T16:00:00+00:00,SOL,183.09,184.44,181.8,182.07,266470.13
2025-08-18T17:00:00+00:00,SOL,182.06,185.64,182.01,184.6,252967.43
2025-08-18T18:00:00+00:00,SOL,184.6,184.7,182.89,184.3,144009.47
2025-08-18T19:00:00+00:00,SOL,184.32,184.48,182.7,183.11,160435.7
2025-08-18T20:00:00+00:00,SOL,183.11,183.74,181.99,183.02,78748.08
2025-08-18T21:00:00+00:00,SOL,183.01,184.09,182.61,183.73,52549.98
2025-08-18T22:00:00+00:00,SOL,183.73,184.95,183.7,184.1,235723.53
2025-08-18T23:00:00+00:00,SOL,184.08,184.53,182.34,182.85,231912.76
2025-08-19T00:00:00+00:00,SOL,182.85,184.94,181.06,184.94,288718.64
2025-08-19T01:00:00+00:00,SOL,184.94,185.75,182.53,182.98,233377.27
2025-08-19T02:00:00+00:00,SOL,182.98,183.11,181.87,182.08,164725.2
2025-08-19T03:00:00+00:00,SOL,182.08,182.11,178.0,178.44,543326.24
2025-08-19T04:00:00+00:00,SOL,178.41,179.99,177.14,179.95,272113.24
2025-08-19T05:00:00+00:00,SOL,179.93,180.49,179.15,179.69,158633.18
2025-08-19T06:00:00+00:00,SOL,179.68,180.43,179.3,179.99,61838.38
2025-08-19T07:00:00+00:00,SOL,179.99,180.07,178.83,180.04,88456.26
2025-08-19T08:00:00+00:00,SOL,180.05,180.86,179.04,180.36,57010.71
2025-08-19T09:00:00+00:00,SOL,180.35,182.36,180.3,181.27,165465.11
2025-08-19T10:00:00+00:00,SOL,181.26,181.93,181.12,181.33,45241.66
2025-08-19T11:00:00+00:00,SOL,181.32,182.74,181.25,182.62,190735.79
2025-08-19T12:00:00+00:00,SOL,182.62,182.66,181.26,181.96,255580.29
2025-08-19T13:00:00+00:00,SOL,181.95,183.29,180.55,181.99,260169.0
2025-08-19T14:00:00+00:00,SOL,181.98,182.92,178.01,178.44,647891.63
2025-08-19T15:00:00+00:00,SOL,178.47,179.77,177.41,177.84,702286.92
2025-08-19T16:00:00+00:00,SOL,177.83,178.45,176.62,177.07,277839.54
2025-08-19T17:00:00+00:00,SOL,177.06,178.59,176.23,178.04,317284.6
2025-08-19T18:00:00+00:00,SOL,178.04,178.69,175.78,176.63,329710.29
2025-08-19T19:00:00+00:00,SOL,176.63,178.24,175.59,176.66,458880.34
2025-08-19T20:00:00+00:00,SOL,176.66,178.58,175.82,178.58,182900.03
2025-08-19T21:00:00+00:00,SOL,178.58,179.09,178.14,179.0,92266.57
2025-08-19T22:00:00+00:00,SOL,179.01,179.45,177.77,178.99,151505.3
2025-08-19T23:00:00+00:00,SOL,179.01,179.23,175.76,176.13,196962.54
2025-08-20T00:00:00+00:00,SOL,176.13,178.54,175.97,178.1,143788.37
2025-08-20T01:00:00+00:00,SOL,178.1,179.68,176.91,179.47,229092.97
2025-08-20T02:00:00+00:00,SOL,179.46,181.25,179.11,180.71,179946.74
2025-08-20T03:00:00+00:00,SOL,180.73,181.41,179.98,180.4,171598.71
2025-08-20T04:00:00+00:00,SOL,180.41,181.6,180.26,180.54,89193.13
2025-08-20T05:00:00+00:00,SOL,180.53,181.07,179.73,181.02,54476.88
2025-08-20T06:00:00+00:00,SOL,181.06,181.22,180.11,180.87,59652.68
2025-08-20T07:00:00+00:00,SOL,180.93,181.59,180.3,180.46,43448.75
2025-08-20T08:00:00+00:00,SOL,180.46,182.14,180.21,181.97,104479.96
2025-08-20T09:00:00+00:00,SOL,181.97,182.24,180.81,180.84,178101.53
2025-08-20T10:00:00+00:00,SOL,180.87,181.66,180.75,180.94,34961.77
2025-08-20T11:00:00+00:00,SOL,180.94,181.27,178.25,180.15,193402.54
2025-08-20T12:00:00+00:00,SOL,180.16,182.25,180.15,181.85,132930.01
2025-08-20T13:00:00+00:00,SOL,181.82,181.82,178.52,178.72,526001.5600000001
2025-08-20T14:00:00+00:00,SOL,178.73,182.43,177.46,181.3,447125.19
2025-08-20T15:00:00+00:00,SOL,181.28,184.97,181.14,182.95,353760.78
2025-08-20T16:00:00+00:00,SOL,182.94,184.8,182.94,183.7,242389.96
2025-08-20T17:00:00+00:00,SOL,183.69,186.16,183.53,185.08,231526.04
2025-08-20T18:00:00+00:00,SOL,185.08,185.51,182.5,183.53,305176.35
2025-08-20T19:00:00+00:00,SOL,183.5,187.94,183.38,187.52,518078.92
2025-08-20T20:00:00+00:00,SOL,187.53,187.77,186.29,187.19,289533.44
2025-08-20T21:00:00+00:00,SOL,187.2,187.61,185.73,186.96,527759.6899999999
2025-08-20T22:00:00+00:00,SOL,186.97,187.62,186.62,187.3,62612.02
2025-08-20T23:00:00+00:00,SOL,187.3,187.96,186.67,187.96,69466.38
2025-08-21T00:00:00+00:00,SOL,187.96,189.23,187.03,187.9,200254.03
2025-08-21T01:00:00+00:00,SOL,187.91,189.15,186.8,189.06,76618.84
2025-08-21T02:00:00+00:00,SOL,189.04,190.0,185.5,186.41,517156.87
2025-08-21T03:00:00+00:00,SOL,186.42,190.07,186.31,188.43,549016.96
2025-08-21T04:00:00+00:00,SOL,188.43,188.71,187.21,187.7,208084.88
2025-08-21T05:00:00+00:00,SOL,187.71,188.11,186.57,188.05,103040.14
2025-08-21T06:00:00+00:00,SOL,188.05,188.06,186.46,186.54,120753.74
2025-08-21T07:00:00+00:00,SOL,186.54,187.43,185.82,186.94,107173.96
2025-08-21T08:00:00+00:00,SOL,186.97,187.0,185.59,185.61,65388.86
2025-08-21T09:00:00+00:00,SOL,185.62,185.68,184.01,184.8,158679.13
2025-08-21T10:00:00+00:00,SOL,184.81,185.16,183.74,184.19,164035.78
2025-08-21T11:00:00+00:00,SOL,184.2,184.84,183.35,183.94,81150.97
2025-08-21T12:00:00+00:00,SOL,183.92,184.75,182.7,183.68,177940.23
2025-08-21T13:00:00+00:00,SOL,183.67,185.74,183.29,183.96,230620.33
2025-08-21T14:00:00+00:00,SOL,184.01,186.34,183.62,184.72,418834.08
2025-08-21T15:00:00+00:00,SOL,184.72,184.97,181.29,181.49,337328.48
2025-08-21T16:00:00+00:00,SOL,181.5,182.29,180.7,180.85,305365.92
2025-08-21T17:00:00+00:00,SOL,180.85,181.45,179.7,181.07,514318.99
2025-08-21T18:00:00+00:00,SOL,181.08,182.26,180.39,182.07,381852.91
2025-08-21T19:00:00+00:00,SOL,182.08,182.86,179.83,180.04,582158.08
2025-08-21T20:00:00+00:00,SOL,180.05,181.37,179.3,180.73,534357.4399999999
2025-08-21T21:00:00+00:00,SOL,180.73,181.5,179.87,181.09,107779.55
2025-08-21T22:00:00+00:00,SOL,181.09,181.8,180.86,181.67,68395.16
2025-08-21T23:00:00+00:00,SOL,181.67,181.67,179.77,180.21,76949.41
2025-08-22T00:00:00+00:00,SOL,180.22,181.7,180.16,181.04,55147.84
2025-08-22T01:00:00+00:00,SOL,181.08,182.02,179.9,181.9,160827.45
2025-08-22T02:00:00+00:00,SOL,181.9,183.46,181.6,182.61,316751.06
2025-08-22T03:00:00+00:00,SOL,182.61,183.39,181.41,181.72,121404.33
2025-08-22T04:00:00+00:00,SOL,181.73,183.4,181.72,182.87,123137.91
2025-08-22T05:00:00+00:00,SOL,182.87,183.88,182.65,183.68,58796.41
2025-08-22T06:00:00+00:00,SOL,183.66,184.12,182.37,182.9,80291.59
2025-08-22T07:00:00+00:00,SOL,182.92,184.34,182.8,183.93,65986.01
2025-08-22T08:00:00+00:00,SOL,183.93,185.06,183.6,183.72,293102.89
2025-08-22T09:00:00+00:00,SOL,183.73,183.98,182.42,182.85,76176.84
2025-08-22T10:00:00+00:00,SOL,182.86,182.88,180.82,181.1,87913.21
2025-08-22T11:00:00+00:00,SOL,181.12,181.25,179.56,179.57,145361.58
2025-08-22T12:00:00+00:00,SOL,179.56,179.76,177.29,178.38,460043.7
2025-08-22T13:00:00+00:00,SOL,178.38,181.21,178.0,180.22,324134.45
2025-08-22T14:00:00+00:00,SOL,180.19,193.25,180.19,191.74,2272627.6000000001
2025-08-22T15:00:00+00:00,SOL,191.72,195.49,191.68,193.55,689324.29
2025-08-22T16:00:00+00:00,SOL,193.55,197.86,193.54,194.93,466939.35
2025-08-22T17:00:00+00:00,SOL,194.94,198.29,194.93,196.94,463485.16
2025-08-22T18:00:00+00:00,SOL,196.95,197.62,195.71,196.9,178207.29
2025-08-22T19:00:00+00:00,SOL,196.91,199.9,196.66,199.01,380404.24
2025-08-22T20:00:00+00:00,SOL,199.01,199.82,198.54,199.82,155638.68
2025-08-22T21:00:00+00:00,SOL,199.82,202.6,199.6,200.34,418139.53
2025-08-22T22:00:00+00:00,SOL,200.34,200.65,198.69,199.55,317633.52
2025-08-22T23:00:00+00:00,SOL,199.55,201.17,199.18,200.84,136274.35
2025-08-23T00:00:00+00:00,SOL,200.84,200.94,198.6,198.67,214709.11
2025-08-23T01:00:00+00:00,SOL,198.67,199.16,196.89,197.93,186229.51
2025-08-23T02:00:00+00:00,SOL,197.93,198.53,195.41,197.7,326261.04
2025-08-23T03:00:00+00:00,SOL,197.7,198.88,197.27,198.28,231191.88
2025-08-23T04:00:00+00:00,SOL,198.28,205.22,198.26,204.85,512603.55
2025-08-23T05:00:00+00:00,SOL,204.86,208.86,204.53,207.74,666953.37
2025-08-23T06:00:00+00:00,SOL,207.73,208.08,205.88,206.71,356053.03
2025-08-23T07:00:00+00:00,SOL,206.71,207.48,205.14,205.29,211129.3
2025-08-23T08:00:00+00:00,SOL,205.3,205.8,202.36,204.01,269298.57
2025-08-23T09:00:00+00:00,SOL,204.01,204.9,203.46,204.67,249086.64
2025-08-23T10:00:00+00:00,SOL,204.67,204.83,201.79,202.07,380755.01
2025-08-23T11:00:00+00:00,SOL,202.07,203.19,201.7,202.09,200863.43
2025-08-23T12:00:00+00:00,SOL,202.09,203.37,201.25,202.15,253847.64
2025-08-23T13:00:00+00:00,SOL,202.15,202.62,200.73,201.67,253196.61
2025-08-23T14:00:00+00:00,SOL,201.67,203.64,201.24,202.87,145279.08
2025-08-23T15:00:00+00:00,SOL,202.87,204.0,202.63,202.7,120658.76
2025-08-23T16:00:00+00:00,SOL,202.7,203.76,202.4,203.44,90450.15
2025-08-23T17:00:00+00:00,SOL,203.43,203.97,202.5,203.49,243389.53
2025-08-23T18:00:00+00:00,SOL,203.49,204.56,203.43,204.17,68929.68
2025-08-23T19:00:00+00:00,SOL,204.17,204.74,203.92,204.31,169769.09
2025-08-23T20:00:00+00:00,SOL,204.31,204.46,203.44,203.97,91987.68
2025-08-23T21:00:00+00:00,SOL,203.94,204.28,203.24,203.27,51597.73
2025-08-23T22:00:00+00:00,SOL,203.27,203.88,203.04,203.77,83188.38
2025-08-23T23:00:00+00:00,SOL,203.77,205.12,203.77,204.32,221040.39
2025-08-24T00:00:00+00:00,SOL,204.32,207.04,204.32,206.33,245168.95
2025-08-24T01:00:00+00:00,SOL,206.33,209.0,205.17,208.33,380924.13
2025-08-24T02:00:00+00:00,SOL,208.36,212.12,207.78,208.96,712269.21
2025-08-24T03:00:00+00:00,SOL,208.97,209.63,207.38,209.25,261004.88
2025-08-24T04:00:00+00:00,SOL,209.24,210.9,208.6,210.9,513602.73
2025-08-24T05:00:00+00:00,SOL,210.89,210.94,208.21,208.73,314813.06
2025-08-24T06:00:00+00:00,SOL,208.72,209.0,207.25,207.54,219127.23
2025-08-24T07:00:00+00:00,SOL,207.54,208.38,206.76,206.8,123195.8
2025-08-24T08:00:00+00:00,SOL,206.79,208.36,206.31,208.32,117198.12
2025-08-24T09:00:00+00:00,SOL,208.31,209.2,207.77,208.37,71548.13
2025-08-24T10:00:00+00:00,SOL,208.36,208.38,204.05,204.92,497624.93
2025-08-24T11:00:00+00:00,SOL,204.92,205.44,203.5,204.61,285024.12
2025-08-24T12:00:00+00:00,SOL,204.6,205.0,203.65,204.49,119918.96
2025-08-24T13:00:00+00:00,SOL,204.48,205.79,204.33,204.84,125564.92
2025-08-24T14:00:00+00:00,SOL,204.84,206.54,204.09,206.21,150907.19
2025-08-24T15:00:00+00:00,SOL,206.14,209.54,205.54,205.79,310508.54
2025-08-24T16:00:00+00:00,SOL,205.77,207.44,205.65,206.75,177295.26
2025-08-24T17:00:00+00:00,SOL,206.75,209.9,206.66,209.53,270326.79
2025-08-24T18:00:00+00:00,SOL,209.53,212.17,209.0,211.44,487078.02
2025-08-24T19:00:00+00:00,SOL,211.44,212.11,201.55,205.14,1839950.1799999999
2025-08-24T20:00:00+00:00,SOL,205.15,205.6,201.26,203.84,820847.96
2025-08-24T21:00:00+00:00,SOL,203.85,205.93,202.55,204.54,326631.28
2025-08-24T22:00:00+00:00,SOL,204.53,205.75,201.54,205.25,427827.78
2025-08-24T23:00:00+00:00,SOL,205.25,207.37,204.92,206.15,256883.2
2025-08-25T00:00:00+00:00,SOL,206.21,208.38,202.26,203.65,619138.4300000001
2025-08-25T01:00:00+00:00,SOL,203.66,209.07,203.61,207.2,476267.82
2025-08-25T02:00:00+00:00,SOL,207.16,213.62,206.96,212.71,864061.38
2025-08-25T03:00:00+00:00,SOL,212.7,213.1,208.99,209.46,385004.17
2025-08-25T04:00:00+00:00,SOL,209.45,209.89,206.87,207.4,591501.29
2025-08-25T05:00:00+00:00,SOL,207.45,208.14,203.63,203.81,523900.2
2025-08-25T06:00:00+00:00,SOL,203.84,204.79,202.0,202.04,583905.87
2025-08-25T07:00:00+00:00,SOL,202.08,204.54,198.88,199.94,941727.27
2025-08-25T08:00:00+00:00,SOL,199.93,200.89,198.21,200.0,503839.26
2025-08-25T09:00:00+00:00,SOL,199.99,200.28,198.26,199.54,111898.95
2025-08-25T10:00:00+00:00,SOL,199.53,199.54,194.82,195.81,963284.4
2025-08-25T11:00:00+00:00,SOL,195.82,197.51,195.39,197.5,345062.28
2025-08-25T12:00:00+00:00,SOL,197.51,198.51,196.84,198.04,368645.26
2025-08-25T13:00:00+00:00,SOL,198.03,198.48,195.62,198.26,478701.77
2025-08-25T14:00:00+00:00,SOL,198.27,199.57,196.9,198.31,434155.16
2025-08-25T15:00:00+00:00,SOL,198.32,198.58,196.11,196.55,294335.03
2025-08-25T16:00:00+00:00,SOL,196.57,198.43,195.58,196.45,294493.52
2025-08-25T17:00:00+00:00,SOL,196.45,197.41,195.17,196.7,273269.93
2025-08-25T18:00:00+00:00,SOL,196.73,197.87,196.11,196.45,195603.76
2025-08-25T19:00:00+00:00,SOL,196.45,196.49,190.74,191.28,986016.85
2025-08-25T20:00:00+00:00,SOL,191.29,191.97,186.21,186.21,1738922.7
2025-08-25T21:00:00+00:00,SOL,186.22,188.31,186.0,186.23,580018.03
2025-08-25T22:00:00+00:00,SOL,186.23,188.42,185.33,186.93,404334.24
2025-08-25T23:00:00+00:00,SOL,186.92,187.54,185.61,187.12,208959.31
2025-08-26T00:00:00+00:00,SOL,187.11,188.55,185.5,186.14,426698.63
2025-08-26T01:00:00+00:00,SOL,186.21,189.04,185.57,188.2,416640.63
2025-08-26T02:00:00+00:00,SOL,188.2,189.22,186.86,187.48,190696.17
2025-08-26T03:00:00+00:00,SOL,187.49,187.89,186.32,186.81,135801.79
2025-08-26T04:00:00+00:00,SOL,186.82,188.46,186.82,187.86,128123.93
2025-08-26T05:00:00+00:00,SOL,187.87,189.56,187.86,188.74,178767.94
2025-08-26T06:00:00+00:00,SOL,188.71,189.55,187.33,187.88,115942.51
2025-08-26T07:00:00+00:00,SOL,187.87,189.91,187.18,188.87,167243.01
2025-08-26T08:00:00+00:00,SOL,188.88,190.35,188.14,188.71,123675.58
2025-08-26T09:00:00+00:00,SOL,188.7,189.19,187.43,187.97,394463.02
2025-08-26T10:00:00+00:00,SOL,187.99,188.87,187.76,188.55,84005.26
2025-08-26T11:00:00+00:00,SOL,188.55,188.99,186.61,187.9,97300.31
2025-08-26T12:00:00+00:00,SOL,187.92,192.13,187.08,190.42,617737.89
2025-08-26T13:00:00+00:00,SOL,190.41,190.9,187.66,189.23,432969.1
2025-08-26T14:00:00+00:00,SOL,189.24,191.68,188.33,191.44,434248.95
2025-08-26T15:00:00+00:00,SOL,191.45,192.46,189.85,190.69,331963.26
2025-08-26T16:00:00+00:00,SOL,190.67,193.68,190.51,193.63,286821.3
2025-08-26T17:00:00+00:00,SOL,193.62,194.17,192.21,193.66,244533.26
2025-08-26T18:00:00+00:00,SOL,193.67,195.33,193.45,194.74,165019.06
2025-08-26T19:00:00+00:00,SOL,194.78,197.42,194.22,197.32,263083.07
2025-08-26T20:00:00+00:00,SOL,197.35,197.68,195.85,196.29,244010.41
2025-08-26T21:00:00+00:00,SOL,196.3,196.84,195.27,196.74,174488.25
2025-08-26T22:00:00+00:00,SOL,196.75,197.29,195.69,196.68,162690.32
2025-08-26T23:00:00+00:00,SOL,196.68,198.02,195.52,195.8,195611.08
2025-08-27T00:00:00+00:00,SOL,195.8,196.19,194.4,194.59,132076.1
2025-08-27T01:00:00+00:00,SOL,194.59,196.65,193.68,196.25,275524.83
2025-08-27T02:00:00+00:00,SOL,196.25,199.7,195.54,198.22,450666.54
2025-08-27T03:00:00+00:00,SOL,198.27,202.76,196.86,201.92,496649.62
2025-08-27T04:00:00+00:00,SOL,201.88,205.7,201.66,205.19,546641.61
2025-08-27T05:00:00+00:00,SOL,205.19,205.34,202.46,202.79,297617.39
2025-08-27T06:00:00+00:00,SOL,202.79,204.09,201.82,202.18,265469.98
2025-08-27T07:00:00+00:00,SOL,202.2,202.66,200.8,202.36,234915.68
2025-08-27T08:00:00+00:00,SOL,202.37,203.58,201.43,203.43,119500.02
2025-08-27T09:00:00+00:00,SOL,203.42,205.05,203.0,203.9,326183.84
2025-08-27T10:00:00+00:00,SOL,203.89,205.39,203.25,204.05,145269.46
2025-08-27T11:00:00+00:00,SOL,204.06,205.33,204.05,205.0,191846.7
2025-08-27T12:00:00+00:00,SOL,205.0,205.6,203.26,204.61,157374.06
2025-08-27T13:00:00+00:00,SOL,204.61,205.98,202.56,204.39,408309.36
2025-08-27T14:00:00+00:00,SOL,204.39,207.97,203.29,206.67,705100.36
2025-08-27T15:00:00+00:00,SOL,206.67,209.46,206.23,208.67,442414.29
2025-08-27T16:00:00+00:00,SOL,208.68,209.0,206.56,207.94,303638.51
2025-08-27T17:00:00+00:00,SOL,207.91,209.97,207.4,209.17,279513.11
2025-08-27T18:00:00+00:00,SOL,209.15,212.13,208.26,208.37,537017.73
2025-08-27T19:00:00+00:00,SOL,208.37,209.34,206.01,206.3,691412.66
2025-08-27T20:00:00+00:00,SOL,206.34,209.42,202.82,208.63,1850933.6000000001
2025-08-27T21:00:00+00:00,SOL,208.62,208.81,204.76,205.47,374407.97
2025-08-27T22:00:00+00:00,SOL,205.59,205.65,203.32,204.3,355890.41
2025-08-27T23:00:00+00:00,SOL,204.31,205.31,202.44,202.87,332268.84
2025-08-28T00:00:00+00:00,SOL,202.91,205.0,201.55,203.87,470268.95
2025-08-28T01:00:00+00:00,SOL,203.87,206.42,203.13,205.81,260213.05
2025-08-28T02:00:00+00:00,SOL,205.84,207.78,205.2,206.17,255636.08
2025-08-28T03:00:00+00:00,SOL,206.16,208.3,205.91,208.1,220397.15
2025-08-28T04:00:00+00:00,SOL,208.1,212.5,207.42,212.02,509169.1
2025-08-28T05:00:00+00:00,SOL,212.02,213.13,210.7,211.62,468289.41
2025-08-28T06:00:00+00:00,SOL,211.58,211.84,209.59,211.7,340537.73
2025-08-28T07:00:00+00:00,SOL,211.7,213.2,210.46,213.07,421758.32
2025-08-28T08:00:00+00:00,SOL,213.12,216.56,213.1,214.18,666248.46
2025-08-28T09:00:00+00:00,SOL,214.18,214.24,211.53,211.64,236938.75
2025-08-28T10:00:00+00:00,SOL,211.65,213.93,211.41,213.93,170755.55
2025-08-28T11:00:00+00:00,SOL,213.93,213.93,212.39,213.14,177046.4
2025-08-28T12:00:00+00:00,SOL,213.15,214.31,212.0,213.18,213503.25
2025-08-28T13:00:00+00:00,SOL,213.18,216.96,212.09,212.64,553603.3199999999
2025-08-28T14:00:00+00:00,SOL,212.67,216.0,211.7,215.61,486003.22
2025-08-28T15:00:00+00:00,SOL,215.58,216.0,210.14,211.02,581357.77
2025-08-28T16:00:00+00:00,SOL,211.01,213.95,207.11,207.46,695749.63
2025-08-28T17:00:00+00:00,SOL,207.46,210.59,207.26,210.37,505312.0
2025-08-28T18:00:00+00:00,SOL,210.34,212.71,209.4,212.04,515874.06
2025-08-28T19:00:00+00:00,SOL,212.04,213.0,209.68,209.79,444288.39
2025-08-28T20:00:00+00:00,SOL,209.81,213.7,209.57,213.21,578975.4399999999
2025-08-28T21:00:00+00:00,SOL,213.21,213.99,211.9,213.69,284483.7
2025-08-28T22:00:00+00:00,SOL,213.71,215.83,213.57,214.3,375298.25
2025-08-28T23:00:00+00:00,SOL,214.29,215.39,213.76,214.48,147608.55
2025-08-29T00:00:00+00:00,SOL,214.48,218.05,214.13,215.13,589277.83
2025-08-29T01:00:00+00:00,SOL,215.13,215.46,212.12,213.46,418452.89
2025-08-29T02:00:00+00:00,SOL,213.46,217.55,212.78,215.35,544178.45
2025-08-29T03:00:00+00:00,SOL,215.39,217.95,214.22,216.95,567040.8199999999
2025-08-29T04:00:00+00:00,SOL,216.95,218.1,216.09,217.14,347268.44
2025-08-29T05:00:00+00:00,SOL,217.2,217.31,214.66,215.91,286843.26
2025-08-29T06:00:00+00:00,SOL,215.91,216.29,212.72,212.72,495190.5
2025-08-29T07:00:00+00:00,SOL,212.72,212.73,207.88,208.83,894040.3199999999
2025-08-29T08:00:00+00:00,SOL,208.83,210.09,206.12,206.84,681560.22
2025-08-29T09:00:00+00:00,SOL,206.84,207.91,205.2,207.69,328488.83
2025-08-29T10:00:00+00:00,SOL,207.7,209.47,206.85,207.58,464903.26
2025-08-29T11:00:00+00:00,SOL,207.59,209.2,206.76,207.63,245377.45
2025-08-29T12:00:00+00:00,SOL,207.62,215.21,207.12,211.92,872028.03
2025-08-29T13:00:00+00:00,SOL,211.92,212.0,207.78,208.95,972945.63
2025-08-29T14:00:00+00:00,SOL,208.95,210.96,206.77,207.5,970322.01
2025-08-29T15:00:00+00:00,SOL,207.47,210.56,203.92,204.36,918439.1899999999
2025-08-29T16:00:00+00:00,SOL,204.37,205.49,202.71,204.87,702126.15
2025-08-29T17:00:00+00:00,SOL,204.85,204.85,202.11,202.43,423463.39
2025-08-29T18:00:00+00:00,SOL,202.44,203.19,201.28,202.04,304035.86
2025-08-29T19:00:00+00:00,SOL,202.04,204.55,201.64,203.03,633973.9
2025-08-29T20:00:00+00:00,SOL,203.02,203.47,200.74,200.93,373973.81
2025-08-29T21:00:00+00:00,SOL,201.0,204.03,199.79,203.77,338608.05
2025-08-29T22:00:00+00:00,SOL,203.77,203.94,202.41,203.11,139486.17
2025-08-29T23:00:00+00:00,SOL,203.12,205.58,203.08,205.08,356609.39
2025-08-30T00:00:00+00:00,SOL,205.1,205.43,203.48,205.04,248558.32
2025-08-30T01:00:00+00:00,SOL,205.02,205.16,200.91,201.13,217238.92
2025-08-30T02:00:00+00:00,SOL,201.12,203.68,200.67,203.32,188276.9
2025-08-30T03:00:00+00:00,SOL,203.33,206.66,203.19,205.6,384509.48
2025-08-30T04:00:00+00:00,SOL,205.59,206.48,204.64,204.65,143610.65
2025-08-30T05:00:00+00:00,SOL,204.65,207.0,204.39,206.09,156013.19
2025-08-30T06:00:00+00:00,SOL,206.1,206.67,205.03,205.07,120046.32
2025-08-30T07:00:00+00:00,SOL,205.06,205.68,204.43,205.1,113992.41
2025-08-30T08:00:00+00:00,SOL,205.09,205.52,202.52,202.92,259014.86
2025-08-30T09:00:00+00:00,SOL,202.95,203.29,201.59,202.34,159761.91
2025-08-30T10:00:00+00:00,SOL,202.33,203.25,201.72,202.65,99498.37
2025-08-30T11:00:00+00:00,SOL,202.65,202.82,201.67,202.59,112227.76
2025-08-30T12:00:00+00:00,SOL,202.56,202.62,199.23,200.55,232341.19
2025-08-30T13:00:00+00:00,SOL,200.56,200.56,197.43,199.08,441872.62
2025-08-30T14:00:00+00:00,SOL,199.08,200.43,198.14,199.87,204081.47
2025-08-30T15:00:00+00:00,SOL,199.88,201.73,199.39,201.05,187419.86
2025-08-30T16:00:00+00:00,SOL,201.01,201.01,199.66,200.32,103286.41
2025-08-30T17:00:00+00:00,SOL,200.33,201.55,199.92,200.86,73058.8
2025-08-30T18:00:00+00:00,SOL,200.86,201.58,200.47,200.97,46925.0
2025-08-30T19:00:00+00:00,SOL,200.98,201.38,200.55,201.17,59436.99
2025-08-30T20:00:00+00:00,SOL,201.18,201.24,199.63,200.57,98681.64
2025-08-30T21:00:00+00:00,SOL,200.55,201.19,200.12,200.5,41881.45
2025-08-30T22:00:00+00:00,SOL,200.51,201.41,200.0,201.37,41310.08
2025-08-30T23:00:00+00:00,SOL,201.38,203.26,201.29,202.64,111864.97
2025-08-31T00:00:00+00:00,SOL,202.65,205.94,202.64,205.37,329287.16
2025-08-31T01:00:00+00:00,SOL,205.38,206.67,204.16,206.34,153303.69
2025-08-31T02:00:00+00:00,SOL,206.35,206.62,204.82,204.99,133773.63
2025-08-31T03:00:00+00:00,SOL,204.99,205.62,204.78,205.49,48584.08
2025-08-31T04:00:00+00:00,SOL,205.51,205.59,203.39,204.35,113170.35
2025-08-31T05:00:00+00:00,SOL,204.34,204.81,203.83,204.53,49746.37
2025-08-31T06:00:00+00:00,SOL,204.53,204.79,202.72,202.86,71394.44
2025-08-31T07:00:00+00:00,SOL,202.86,203.85,202.82,203.5,94030.79
2025-08-31T08:00:00+00:00,SOL,203.5,205.82,203.48,205.76,69209.9
2025-08-31T09:00:00+00:00,SOL,205.76,205.8,203.88,203.99,164423.17
2025-08-31T10:00:00+00:00,SOL,203.99,204.49,202.75,203.47,213581.85
2025-08-31T11:00:00+00:00,SOL,203.51,203.81,202.32,203.61,125956.17
2025-08-31T12:00:00+00:00,SOL,203.62,203.79,202.41,203.36,60263.29
2025-08-31T13:00:00+00:00,SOL,203.33,203.79,201.72,202.06,189304.7
2025-08-31T14:00:00+00:00,SOL,202.06,203.83,201.5,203.71,125754.12
2025-08-31T15:00:00+00:00,SOL,203.71,204.87,203.5,204.57,155020.64
2025-08-31T16:00:00+00:00,SOL,204.57,205.28,203.68,205.11,99437.9
2025-08-31T17:00:00+00:00,SOL,205.1,205.6,204.51,204.91,83857.27
2025-08-31T18:00:00+00:00,SOL,204.92,205.67,204.66,205.63,87658.84
2025-08-31T19:00:00+00:00,SOL,205.62,205.95,204.39,204.61,111736.61
2025-08-31T20:00:00+00:00,SOL,204.6,205.17,204.3,204.79,92370.16
2025-08-31T21:00:00+00:00,SOL,204.75,205.44,204.2,205.37,65819.46
2025-08-31T22:00:00+00:00,SOL,205.37,205.78,203.41,203.74,71973.69
2025-08-31T23:00:00+00:00,SOL,203.74,203.92,200.24,200.61,272349.4
2025-09-01T00:00:00+00:00,SOL,200.6,201.39,198.5,200.43,698779.8100000001
2025-09-01T01:00:00+00:00,SOL,200.43,202.53,199.9,200.96,304346.28
2025-09-01T02:00:00+00:00,SOL,200.96,201.23,196.14,197.52,666466.76
2025-09-01T03:00:00+00:00,SOL,197.52,198.74,196.9,198.4,146067.92
2025-09-01T04:00:00+00:00,SOL,198.41,198.47,196.85,197.54,175778.95
2025-09-01T05:00:00+00:00,SOL,197.55,198.95,196.64,198.37,181404.66
2025-09-01T06:00:00+00:00,SOL,198.37,199.49,197.52,198.8,138359.1
2025-09-01T07:00:00+00:00,SOL,198.8,202.97,197.87,202.97,173879.89
2025-09-01T08:00:00+00:00,SOL,202.97,204.62,202.39,203.06,274151.33
2025-09-01T09:00:00+00:00,SOL,203.07,203.75,200.95,201.03,156393.28
2025-09-01T10:00:00+00:00,SOL,201.02,201.58,198.3,199.43,114024.57
2025-09-01T11:00:00+00:00,SOL,199.44,199.61,198.65,199.33,106285.05
2025-09-01T12:00:00+00:00,SOL,199.36,200.43,198.75,199.55,106847.18
2025-09-01T13:00:00+00:00,SOL,199.56,201.1,198.94,199.67,124420.05
2025-09-01T14:00:00+00:00,SOL,199.66,200.74,199.06,200.18,67149.94
2025-09-01T15:00:00+00:00,SOL,200.18,200.92,197.62,198.35,317838.49
2025-09-01T16:00:00+00:00,SOL,198.34,198.93,197.43,198.5,157498.72
2025-09-01T17:00:00+00:00,SOL,198.5,199.12,197.23,198.48,153811.38
2025-09-01T18:00:00+00:00,SOL,198.48,199.39,198.37,199.2,101327.63
2025-09-01T19:00:00+00:00,SOL,199.17,200.05,199.08,200.04,98659.88
2025-09-01T20:00:00+00:00,SOL,200.05,200.05,196.08,197.64,281116.94
2025-09-01T21:00:00+00:00,SOL,197.63,197.67,194.32,194.97,364278.11
2025-09-01T22:00:00+00:00,SOL,194.96,195.85,194.04,195.67,256569.09
2025-09-01T23:00:00+00:00,SOL,195.63,197.29,195.34,197.19,233365.99
2025-09-02T00:00:00+00:00,SOL,197.19,197.88,196.64,197.64,91040.51
2025-09-02T01:00:00+00:00,SOL,197.6,199.88,197.12,199.13,148268.0
2025-09-02T02:00:00+00:00,SOL,199.15,202.32,198.77,202.16,300026.95
2025-09-02T03:00:00+00:00,SOL,202.15,203.3,201.48,201.74,320204.24
2025-09-02T04:00:00+00:00,SOL,201.75,203.14,201.31,202.99,266398.88
2025-09-02T05:00:00+00:00,SOL,203.0,203.47,201.88,203.19,110583.15
2025-09-02T06:00:00+00:00,SOL,203.19,204.39,203.05,204.05,120021.24
2025-09-02T07:00:00+00:00,SOL,204.05,204.15,201.7,202.01,189275.91
2025-09-02T08:00:00+00:00,SOL,202.0,203.85,201.95,203.03,176751.31
2025-09-02T09:00:00+00:00,SOL,203.03,204.32,202.84,204.31,141173.66
2025-09-02T10:00:00+00:00,SOL,204.34,204.41,203.32,203.61,77214.04
2025-09-02T11:00:00+00:00,SOL,203.62,203.68,201.57,201.95,145273.13
2025-09-02T12:00:00+00:00,SOL,201.96,202.2,197.38,197.93,440124.33
2025-09-02T13:00:00+00:00,SOL,197.92,204.31,197.74,204.0,719252.72
2025-09-02T14:00:00+00:00,SOL,204.04,205.0,202.66,204.3,731986.09
2025-09-02T15:00:00+00:00,SOL,204.28,204.49,199.61,200.22,466513.63
2025-09-02T16:00:00+00:00,SOL,200.22,201.87,199.41,201.35,238876.12
2025-09-02T17:00:00+00:00,SOL,201.42,205.33,201.42,204.76,342845.71
2025-09-02T18:00:00+00:00,SOL,204.73,206.4,203.26,205.51,498443.21
2025-09-02T19:00:00+00:00,SOL,205.51,206.95,204.32,205.44,284881.56
2025-09-02T20:00:00+00:00,SOL,205.41,208.18,204.79,206.7,521561.54
2025-09-02T21:00:00+00:00,SOL,206.71,208.03,206.6,207.22,196625.81
2025-09-02T22:00:00+00:00,SOL,207.24,208.85,206.55,208.61,212951.64
2025-09-02T23:00:00+00:00,SOL,208.6,209.64,207.89,209.61,225453.05
2025-09-03T00:00:00+00:00,SOL,209.61,210.45,207.82,208.3,283699.19
2025-09-03T01:00:00+00:00,SOL,208.31,211.68,207.32,211.43,338284.01
2025-09-03T02:00:00+00:00,SOL,211.36,211.9,210.31,211.24,401444.73
2025-09-03T03:00:00+00:00,SOL,211.24,211.77,209.28,210.0,262880.05
2025-09-03T04:00:00+00:00,SOL,209.98,210.41,209.15,210.23,112741.71
2025-09-03T05:00:00+00:00,SOL,210.23,210.44,208.9,208.97,71907.91
2025-09-03T06:00:00+00:00,SOL,208.98,209.33,207.96,208.41,156537.54
2025-09-03T07:00:00+00:00,SOL,208.41,209.4,208.0,209.33,96813.99
2025-09-03T08:00:00+00:00,SOL,209.31,210.73,208.85,209.34,108195.2
2025-09-03T09:00:00+00:00,SOL,209.36,209.6,208.08,209.54,152334.65
2025-09-03T10:00:00+00:00,SOL,209.54,210.36,208.86,209.88,190071.78
2025-09-03T11:00:00+00:00,SOL,209.86,211.4,209.62,210.35,238431.05
2025-09-03T12:00:00+00:00,SOL,210.37,211.37,208.77,209.14,378593.27
2025-09-03T13:00:00+00:00,SOL,209.15,213.13,209.14,211.68,480188.11
2025-09-03T14:00:00+00:00,SOL,211.66,212.71,210.39,212.13,512996.61
2025-09-03T15:00:00+00:00,SOL,212.14,212.67,211.0,211.45,298253.6
2025-09-03T16:00:00+00:00,SOL,211.45,212.01,209.43,209.93,289084.39
2025-09-03T17:00:00+00:00,SOL,209.93,211.56,209.88,210.82,132019.53
2025-09-03T18:00:00+00:00,SOL,210.82,211.15,208.78,209.6,208672.93
2025-09-03T19:00:00+00:00,SOL,209.63,210.43,209.24,210.31,113913.07
2025-09-03T20:00:00+00:00,SOL,210.31,210.39,209.21,209.42,127847.95
2025-09-03T21:00:00+00:00,SOL,209.43,209.51,208.38,208.92,170003.39
2025-09-03T22:00:00+00:00,SOL,208.91,209.9,208.53,209.89,78707.95
2025-09-03T23:00:00+00:00,SOL,209.89,210.99,209.63,210.77,232281.13
2025-09-04T00:00:00+00:00,SOL,210.76,211.91,210.46,211.25,241788.91
2025-09-04T01:00:00+00:00,SOL,211.26,211.26,209.75,210.41,154460.59
2025-09-04T02:00:00+00:00,SOL,210.39,210.54,207.5,208.22,256631.21
2025-09-04T03:00:00+00:00,SOL,208.25,208.67,207.52,208.21,147686.27
2025-09-04T04:00:00+00:00,SOL,208.21,208.56,206.92,207.11,180697.35
2025-09-04T05:00:00+00:00,SOL,207.12,207.14,205.64,206.81,184781.23
2025-09-04T06:00:00+00:00,SOL,206.82,207.24,206.3,206.35,94281.6
2025-09-04T07:00:00+00:00,SOL,206.36,207.45,206.26,206.65,32275.93
2025-09-04T08:00:00+00:00,SOL,206.65,208.18,206.57,207.04,95880.21
2025-09-04T09:00:00+00:00,SOL,207.04,208.15,207.04,208.04,92895.94
2025-09-04T10:00:00+00:00,SOL,208.06,208.77,207.5,207.5,139647.36
2025-09-04T11:00:00+00:00,SOL,207.51,208.41,206.95,207.21,85442.0
2025-09-04T12:00:00+00:00,SOL,207.21,208.48,207.0,208.38,119358.32
2025-09-04T13:00:00+00:00,SOL,208.39,208.47,206.33,207.01,182248.82
2025-09-04T14:00:00+00:00,SOL,207.03,207.74,204.62,205.39,600775.9300000001
2025-09-04T15:00:00+00:00,SOL,205.4,205.44,203.43,203.76,523642.64
2025-09-04T16:00:00+00:00,SOL,203.77,204.9,203.52,204.61,189988.04
2025-09-04T17:00:00+00:00,SOL,204.61,205.17,203.96,204.05,152056.5
2025-09-04T18:00:00+00:00,SOL,204.03,204.74,202.2,203.06,349145.96
2025-09-04T19:00:00+00:00,SOL,203.06,203.66,201.77,202.16,181976.06
2025-09-04T20:00:00+00:00,SOL,202.12,203.77,201.85,202.63,198938.5
2025-09-04T21:00:00+00:00,SOL,202.63,204.0,202.48,203.84,74728.78
2025-09-04T22:00:00+00:00,SOL,203.84,204.76,202.74,204.25,175816.17
2025-09-04T23:00:00+00:00,SOL,204.25,204.81,202.28,202.36,184973.13
2025-09-05T00:00:00+00:00,SOL,202.35,202.95,201.05,201.23,153537.4
2025-09-05T01:00:00+00:00,SOL,201.21,203.78,201.0,203.51,139176.07
2025-09-05T02:00:00+00:00,SOL,203.5,204.06,202.7,204.05,87805.26
2025-09-05T03:00:00+00:00,SOL,204.05,204.05,202.5,203.57,110848.12
2025-09-05T04:00:00+00:00,SOL,203.57,204.37,203.05,204.14,56146.47
2025-09-05T05:00:00+00:00,SOL,204.14,204.93,204.04,204.68,93964.43
2025-09-05T06:00:00+00:00,SOL,204.68,204.88,203.95,204.88,60135.15
2025-09-05T07:00:00+00:00,SOL,204.87,208.46,204.77,207.89,299624.87
2025-09-05T08:00:00+00:00,SOL,207.9,208.01,206.55,206.66,122598.98
2025-09-05T09:00:00+00:00,SOL,206.66,206.98,204.51,205.87,289680.12
2025-09-05T10:00:00+00:00,SOL,205.87,206.6,205.74,206.04,43008.86
2025-09-05T11:00:00+00:00,SOL,206.04,207.0,205.96,206.65,81574.89
2025-09-05T12:00:00+00:00,SOL,206.65,209.82,205.17,209.13,1051165.96
2025-09-05T13:00:00+00:00,SOL,209.13,210.15,208.45,209.77,360631.16
2025-09-05T14:00:00+00:00,SOL,209.77,209.78,201.71,202.34,1162465.0800000001
2025-09-05T15:00:00+00:00,SOL,202.34,204.57,201.65,203.64,274358.92
2025-09-05T16:00:00+00:00,SOL,203.64,204.11,202.6,203.85,117678.73
2025-09-05T17:00:00+00:00,SOL,203.85,203.87,202.31,202.49,235716.88
2025-09-05T18:00:00+00:00,SOL,202.49,204.95,202.0,204.47,356601.88
2025-09-05T19:00:00+00:00,SOL,204.46,205.66,204.04,205.54,210392.75
2025-09-05T20:00:00+00:00,SOL,205.55,205.82,204.56,205.74,160665.1
2025-09-05T21:00:00+00:00,SOL,205.74,205.84,203.17,203.29,324144.18
2025-09-05T22:00:00+00:00,SOL,203.26,204.52,202.82,204.27,87226.66
2025-09-05T23:00:00+00:00,SOL,204.27,204.64,203.43,203.55,57561.04
2025-09-06T00:00:00+00:00,SOL,203.55,204.43,203.32,204.04,68738.77
2025-09-06T01:00:00+00:00,SOL,204.04,204.77,203.68,204.55,47908.5
2025-09-06T02:00:00+00:00,SOL,204.54,204.75,203.29,204.58,84091.6
2025-09-06T03:00:00+00:00,SOL,204.48,204.74,204.03,204.24,28280.65
2025-09-06T04:00:00+00:00,SOL,204.24,204.25,203.34,203.37,60028.44
2025-09-06T05:00:00+00:00,SOL,203.38,203.46,202.27,202.43,78379.46
2025-09-06T06:00:00+00:00,SOL,202.41,202.79,202.27,202.59,52178.63
2025-09-06T07:00:00+00:00,SOL,202.6,203.39,202.54,203.16,47247.45
2025-09-06T08:00:00+00:00,SOL,203.15,203.62,202.78,203.58,34498.39
2025-09-06T09:00:00+00:00,SOL,203.59,203.59,202.8,202.82,69363.6
2025-09-06T10:00:00+00:00,SOL,202.82,203.2,202.51,203.0,65865.39
2025-09-06T11:00:00+00:00,SOL,203.0,203.02,202.02,202.5,60330.32
2025-09-06T12:00:00+00:00,SOL,202.5,202.99,202.32,202.37,22482.21
2025-09-06T13:00:00+00:00,SOL,202.37,202.6,201.42,202.39,91872.96
2025-09-06T14:00:00+00:00,SOL,202.39,202.73,201.95,202.09,37651.7
2025-09-06T15:00:00+00:00,SOL,202.09,202.33,201.05,201.28,160460.17
2025-09-06T16:00:00+00:00,SOL,201.24,202.35,200.82,201.65,165113.14
2025-09-06T17:00:00+00:00,SOL,201.65,201.82,199.61,200.14,168561.37
2025-09-06T18:00:00+00:00,SOL,200.13,200.83,199.3,200.09,97529.11
2025-09-06T19:00:00+00:00,SOL,200.09,200.3,199.39,199.71,60306.25
2025-09-06T20:00:00+00:00,SOL,199.71,200.84,199.71,200.84,53502.3
2025-09-06T21:00:00+00:00,SOL,200.84,201.24,200.37,200.85,52725.18
2025-09-06T22:00:00+00:00,SOL,200.81,201.12,200.06,200.42,51934.7
2025-09-06T23:00:00+00:00,SOL,200.41,201.08,199.92,200.19,31313.3
2025-09-07T00:00:00+00:00,SOL,200.18,201.45,200.11,201.25,43883.44
2025-09-07T01:00:00+00:00,SOL,201.24,203.27,201.12,202.78,98895.18
2025-09-07T02:00:00+00:00,SOL,202.78,203.03,202.06,202.91,46951.79
2025-09-07T03:00:00+00:00,SOL,202.91,203.33,202.64,202.9,42990.84
2025-09-07T04:00:00+00:00,SOL,202.9,203.15,202.36,203.15,43492.25
2025-09-07T05:00:00+00:00,SOL,203.15,203.32,202.8,202.87,19591.1
2025-09-07T06:00:00+00:00,SOL,202.88,203.01,202.28,202.35,20317.97
2025-09-07T07:00:00+00:00,SOL,202.35,203.4,202.3,203.07,82655.86
2025-09-07T08:00:00+00:00,SOL,203.07,204.06,203.06,203.65,86362.77
2025-09-07T09:00:00+00:00,SOL,203.61,204.03,202.81,203.26,48337.6
2025-09-07T10:00:00+00:00,SOL,203.26,203.45,202.94,203.45,12639.89
2025-09-07T11:00:00+00:00,SOL,203.45,204.05,203.22,204.03,23359.02
2025-09-07T12:00:00+00:00,SOL,204.05,204.09,203.44,203.85,8268.79
2025-09-07T13:00:00+00:00,SOL,203.86,203.87,203.15,203.52,31934.69
2025-09-07T14:00:00+00:00,SOL,203.52,204.1,203.21,203.77,64696.15
2025-09-07T15:00:00+00:00,SOL,203.78,205.63,203.56,205.26,103950.41
2025-09-07T16:00:00+00:00,SOL,205.27,205.59,203.45,203.53,142302.56
2025-09-07T17:00:00+00:00,SOL,203.54,203.78,201.81,202.08,162085.88
2025-09-07T18:00:00+00:00,SOL,202.08,202.38,201.57,202.18,108333.26
2025-09-07T19:00:00+00:00,SOL,202.18,203.15,201.91,203.14,102901.04
2025-09-07T20:00:00+00:00,SOL,203.15,205.0,202.62,204.98,141873.48
2025-09-07T21:00:00+00:00,SOL,204.99,205.25,204.43,204.75,172536.41
2025-09-07T22:00:00+00:00,SOL,204.76,207.5,204.41,207.17,339884.4
2025-09-07T23:00:00+00:00,SOL,207.17,208.11,206.32,206.49,219929.45
2025-09-08T00:00:00+00:00,SOL,206.47,207.18,205.7,205.73,187239.39
2025-09-08T01:00:00+00:00,SOL,205.73,207.5,205.69,206.98,94340.19
2025-09-08T02:00:00+00:00,SOL,206.99,208.07,206.25,207.89,159561.95
2025-09-08T03:00:00+00:00,SOL,207.89,209.1,207.56,207.72,188830.75
2025-09-08T04:00:00+00:00,SOL,207.73,208.73,207.07,207.86,99188.21
2025-09-08T05:00:00+00:00,SOL,207.87,207.98,206.75,207.39,72335.68
2025-09-08T06:00:00+00:00,SOL,207.4,207.77,206.75,207.21,50558.66
2025-09-08T07:00:00+00:00,SOL,207.21,208.95,207.1,208.0,170890.16
2025-09-08T08:00:00+00:00,SOL,208.0,209.5,207.46,209.03,125236.3
2025-09-08T09:00:00+00:00,SOL,209.03,211.1,208.76,210.99,220884.82
2025-09-08T10:00:00+00:00,SOL,210.98,215.92,210.58,215.24,795739.51
2025-09-08T11:00:00+00:00,SOL,215.25,215.39,213.1,214.34,329880.6
2025-09-08T12:00:00+00:00,SOL,214.38,214.95,213.65,214.61,177198.47
2025-09-08T13:00:00+00:00,SOL,214.62,216.48,213.13,213.43,623533.71
2025-09-08T14:00:00+00:00,SOL,213.44,215.91,213.14,215.4,272759.12
2025-09-08T15:00:00+00:00,SOL,215.4,216.83,214.85,215.16,606557.1
2025-09-08T16:00:00+00:00,SOL,215.16,215.63,213.99,215.06,367317.1
2025-09-08T17:00:00+00:00,SOL,215.06,217.05,214.1,215.51,531956.92
2025-09-08T18:00:00+00:00,SOL,215.52,217.0,214.87,216.74,154582.99
2025-09-08T19:00:00+00:00,SOL,216.75,217.13,214.72,215.97,359959.18
2025-09-08T20:00:00+00:00,SOL,216.03,216.18,213.88,214.46,256534.21
2025-09-08T21:00:00+00:00,SOL,214.51,215.91,214.26,215.13,146530.56
2025-09-08T22:00:00+00:00,SOL,215.14,215.57,214.52,214.73,181522.59
2025-09-08T23:00:00+00:00,SOL,214.74,215.29,213.6,214.15,78811.6
2025-09-09T00:00:00+00:00,SOL,214.16,214.99,212.35,213.27,425750.17
2025-09-09T01:00:00+00:00,SOL,213.26,214.11,212.32,213.33,153471.09
2025-09-09T02:00:00+00:00,SOL,213.32,213.61,211.0,211.78,181645.38
2025-09-09T03:00:00+00:00,SOL,211.78,214.91,211.53,214.79,107605.14
2025-09-09T04:00:00+00:00,SOL,214.78,215.79,214.07,214.98,174326.69
2025-09-09T05:00:00+00:00,SOL,214.99,215.57,214.22,215.39,103919.16
2025-09-09T06:00:00+00:00,SOL,215.39,219.91,215.18,218.59,440526.96
2025-09-09T07:00:00+00:00,SOL,218.59,220.07,218.52,219.44,388946.17
2025-09-09T08:00:00+00:00,SOL,219.44,219.7,218.64,219.2,166200.97
2025-09-09T09:00:00+00:00,SOL,219.21,219.47,218.71,219.12,125203.38
2025-09-09T10:00:00+00:00,SOL,219.12,219.36,217.66,217.94,140074.36
2025-09-09T11:00:00+00:00,SOL,217.94,218.19,217.21,217.41,124147.82
2025-09-09T12:00:00+00:00,SOL,217.42,218.53,216.77,217.77,155059.66
2025-09-09T13:00:00+00:00,SOL,217.77,218.62,216.48,218.16,226998.07
2025-09-09T14:00:00+00:00,SOL,218.17,218.76,213.45,215.7,1019850.49
2025-09-09T15:00:00+00:00,SOL,215.66,216.0,211.86,213.19,737743.35
2025-09-09T16:00:00+00:00,SOL,213.19,215.12,213.13,214.34,306654.2
2025-09-09T17:00:00+00:00,SOL,214.33,215.83,214.15,215.08,211419.39
2025-09-09T18:00:00+00:00,SOL,215.1,217.06,214.62,216.54,276967.65
2025-09-09T19:00:00+00:00,SOL,216.54,217.18,216.0,216.52,166400.94
2025-09-09T20:00:00+00:00,SOL,216.51,216.6,215.4,216.48,171172.57
2025-09-09T21:00:00+00:00,SOL,216.48,216.77,215.26,215.31,135952.54
2025-09-09T22:00:00+00:00,SOL,215.3,217.51,215.13,217.3,135386.94
2025-09-09T23:00:00+00:00,SOL,217.38,217.95,216.72,217.35,90487.51
2025-09-10T00:00:00+00:00,SOL,217.35,217.66,215.2,215.37,156707.56
2025-09-10T01:00:00+00:00,SOL,215.37,216.69,215.27,216.4,104919.38
2025-09-10T02:00:00+00:00,SOL,216.44,219.77,216.43,219.25,262422.44
2025-09-10T03:00:00+00:00,SOL,219.25,219.58,218.19,219.3,189362.56
2025-09-10T04:00:00+00:00,SOL,219.33,219.34,217.91,218.53,85293.63
2025-09-10T05:00:00+00:00,SOL,218.53,219.4,218.01,218.8,117432.82
2025-09-10T06:00:00+00:00,SOL,218.75,219.77,218.1,219.34,137186.26
2025-09-10T07:00:00+00:00,SOL,219.33,223.03,219.24,222.34,464148.44
2025-09-10T08:00:00+00:00,SOL,222.34,222.54,220.49,220.9,273748.58
2025-09-10T09:00:00+00:00,SOL,220.9,221.36,220.05,220.55,257528.23
2025-09-10T10:00:00+00:00,SOL,220.54,220.71,218.94,220.19,259528.45
2025-09-10T11:00:00+00:00,SOL,220.19,220.57,219.08,220.4,134405.35
2025-09-10T12:00:00+00:00,SOL,220.41,224.84,219.86,223.49,929634.78
2025-09-10T13:00:00+00:00,SOL,223.5,226.07,222.75,224.22,688999.55
2025-09-10T14:00:00+00:00,SOL,224.22,225.13,222.35,222.78,330432.86
2025-09-10T15:00:00+00:00,SOL,222.76,224.15,222.75,223.21,228733.95
2025-09-10T16:00:00+00:00,SOL,223.22,224.0,222.5,223.8,193175.27
2025-09-10T17:00:00+00:00,SOL,223.8,224.21,221.62,222.73,249744.91
2025-09-10T18:00:00+00:00,SOL,222.73,223.19,221.32,222.91,139588.75
2025-09-10T19:00:00+00:00,SOL,222.9,222.95,220.6,221.3,284113.12
2025-09-10T20:00:00+00:00,SOL,221.31,222.71,221.01,222.56,154128.95
2025-09-10T21:00:00+00:00,SOL,222.58,223.82,222.45,223.52,90961.66
2025-09-10T22:00:00+00:00,SOL,223.5,224.67,223.21,224.55,100985.91
2025-09-10T23:00:00+00:00,SOL,224.55,224.67,223.78,224.15,115471.44
2025-09-11T00:00:00+00:00,SOL,224.15,225.57,223.93,225.13,390962.87
2025-09-11T01:00:00+00:00,SOL,225.13,225.69,224.58,224.9,166362.4
2025-09-11T02:00:00+00:00,SOL,224.91,225.13,223.0,223.03,228643.35
2025-09-11T03:00:00+00:00,SOL,223.03,224.68,222.99,224.26,203517.77
2025-09-11T04:00:00+00:00,SOL,224.26,224.38,222.7,223.6,226937.55
2025-09-11T05:00:00+00:00,SOL,223.59,224.05,221.75,222.31,234371.13
2025-09-11T06:00:00+00:00,SOL,222.29,223.61,221.96,223.37,178618.41
2025-09-11T07:00:00+00:00,SOL,223.37,223.63,221.9,223.28,305285.09
2025-09-11T08:00:00+00:00,SOL,223.27,223.58,222.33,223.56,253443.17
2025-09-11T09:00:00+00:00,SOL,223.55,225.25,223.5,224.49,167432.01
2025-09-11T10:00:00+00:00,SOL,224.49,225.94,224.41,225.84,132179.88
2025-09-11T11:00:00+00:00,SOL,225.81,225.82,224.58,225.1,111121.58
2025-09-11T12:00:00+00:00,SOL,225.1,228.87,221.49,226.81,1262127.95
2025-09-11T13:00:00+00:00,SOL,226.81,228.99,224.29,228.28,634538.74
2025-09-11T14:00:00+00:00,SOL,228.25,228.32,225.72,227.19,333197.45
2025-09-11T15:00:00+00:00,SOL,227.19,227.35,225.4,226.95,155073.87
2025-09-11T16:00:00+00:00,SOL,226.95,228.45,225.39,225.91,454363.61
2025-09-11T17:00:00+00:00,SOL,225.91,227.79,225.7,227.56,165122.23
2025-09-11T18:00:00+00:00,SOL,227.52,227.76,225.93,226.31,270764.55
2025-09-11T19:00:00+00:00,SOL,226.3,226.84,225.9,226.56,190810.27
2025-09-11T20:00:00+00:00,SOL,226.58,226.62,225.48,225.56,252092.56
2025-09-11T21:00:00+00:00,SOL,225.57,227.01,225.55,226.74,46011.09
2025-09-11T22:00:00+00:00,SOL,226.75,228.65,226.43,228.05,225435.97
2025-09-11T23:00:00+00:00,SOL,228.06,229.0,228.02,228.78,163377.09
2025-09-12T00:00:00+00:00,SOL,228.78,235.0,228.13,232.99,624715.73
2025-09-12T01:00:00+00:00,SOL,233.0,233.94,231.6,232.25,290205.33
2025-09-12T02:00:00+00:00,SOL,232.25,233.87,232.17,232.68,116983.43
2025-09-12T03:00:00+00:00,SOL,232.68,235.74,232.21,235.07,209382.8
2025-09-12T04:00:00+00:00,SOL,235.07,238.08,234.22,237.38,457235.14
2025-09-12T05:00:00+00:00,SOL,237.37,239.72,236.98,238.57,360758.92
2025-09-12T06:00:00+00:00,SOL,238.57,238.58,237.19,238.09,171487.32
2025-09-12T07:00:00+00:00,SOL,238.1,238.84,237.0,237.33,160530.53
2025-09-12T08:00:00+00:00,SOL,237.34,238.28,236.59,237.66,228616.4
2025-09-12T09:00:00+00:00,SOL,237.67,238.47,237.35,238.37,117289.09
2025-09-12T10:00:00+00:00,SOL,238.38,239.22,237.47,238.96,128963.92
2025-09-12T11:00:00+00:00,SOL,238.96,239.48,238.5,239.06,156056.22
2025-09-12T12:00:00+00:00,SOL,239.07,240.31,237.51,239.25,264972.74
2025-09-12T13:00:00+00:00,SOL,239.25,240.0,238.04,239.55,290549.84
2025-09-12T14:00:00+00:00,SOL,239.52,241.81,239.07,240.19,468440.67
2025-09-12T15:00:00+00:00,SOL,240.19,240.3,238.46,239.18,417873.76
2025-09-12T16:00:00+00:00,SOL,239.19,239.26,237.86,238.72,385169.81
2025-09-12T17:00:00+00:00,SOL,238.73,241.2,238.15,240.16,398529.85
2025-09-12T18:00:00+00:00,SOL,240.16,241.38,239.8,240.65,288507.71
2025-09-12T19:00:00+00:00,SOL,240.65,241.15,239.59,240.89,253968.36
2025-09-12T20:00:00+00:00,SOL,240.9,241.15,238.99,239.57,339347.61
2025-09-12T21:00:00+00:00,SOL,239.59,240.2,238.33,240.0,202387.69
2025-09-12T22:00:00+00:00,SOL,240.01,243.98,240.0,240.98,496156.92
2025-09-12T23:00:00+00:00,SOL,240.98,242.6,239.85,242.09,178760.15
2025-09-13T00:00:00+00:00,SOL,242.1,243.67,241.51,243.06,156515.17
2025-09-13T01:00:00+00:00,SOL,243.06,244.04,241.5,241.5,152392.33
2025-09-13T02:00:00+00:00,SOL,241.51,242.79,240.66,242.39,97892.31
2025-09-13T03:00:00+00:00,SOL,242.42,243.88,241.75,243.54,100592.75
2025-09-13T04:00:00+00:00,SOL,243.51,243.63,242.43,242.95,112136.71
2025-09-13T05:00:00+00:00,SOL,242.95,243.26,241.11,241.59,102730.06
2025-09-13T06:00:00+00:00,SOL,241.59,242.74,241.56,242.61,105555.83
2025-09-13T07:00:00+00:00,SOL,242.61,243.1,242.31,242.37,54701.09
2025-09-13T08:00:00+00:00,SOL,242.36,243.44,241.99,243.42,79102.38
2025-09-13T09:00:00+00:00,SOL,243.43,243.64,242.67,243.37,79444.15
2025-09-13T10:00:00+00:00,SOL,243.37,243.38,242.14,242.54,114864.12
2025-09-13T11:00:00+00:00,SOL,242.54,242.55,241.22,241.83,114492.84
2025-09-13T12:00:00+00:00,SOL,241.83,242.43,241.3,242.35,55192.73
2025-09-13T13:00:00+00:00,SOL,242.35,243.0,237.95,240.0,236507.9
2025-09-13T14:00:00+00:00,SOL,239.99,241.04,238.48,240.31,164492.42
2025-09-13T15:00:00+00:00,SOL,240.3,240.79,238.47,239.38,86357.93
2025-09-13T16:00:00+00:00,SOL,239.38,239.65,237.37,237.55,238866.71
2025-09-13T17:00:00+00:00,SOL,237.52,238.43,235.82,237.81,305262.98
2025-09-13T18:00:00+00:00,SOL,237.8,238.89,237.14,238.47,122942.75
2025-09-13T19:00:00+00:00,SOL,238.46,239.34,238.15,238.95,102119.77
2025-09-13T20:00:00+00:00,SOL,238.97,240.45,238.85,240.26,111931.03
2025-09-13T21:00:00+00:00,SOL,240.25,241.5,239.89,240.06,106895.44
2025-09-13T22:00:00+00:00,SOL,240.06,242.06,240.0,241.88,143307.01
2025-09-13T23:00:00+00:00,SOL,241.88,243.11,241.69,242.26,105683.79
2025-09-14T00:00:00+00:00,SOL,242.38,244.0,242.21,243.46,118765.66
2025-09-14T01:00:00+00:00,SOL,243.46,246.52,242.76,245.8,299100.63
2025-09-14T02:00:00+00:00,SOL,245.79,249.3,245.79,248.68,413706.78
2025-09-14T03:00:00+00:00,SOL,248.67,249.66,246.83,246.94,159911.99
2025-09-14T04:00:00+00:00,SOL,246.94,247.95,244.51,246.19,450814.12
2025-09-14T05:00:00+00:00,SOL,246.19,248.0,245.99,247.68,122809.33
2025-09-14T06:00:00+00:00,SOL,247.68,248.32,246.16,247.02,78928.14
2025-09-14T07:00:00+00:00,SOL,247.02,247.22,245.69,246.35,81839.4
2025-09-14T08:00:00+00:00,SOL,246.34,247.11,245.85,246.38,56673.46
2025-09-14T09:00:00+00:00,SOL,246.38,247.76,246.08,247.75,67938.74
2025-09-14T10:00:00+00:00,SOL,247.75,248.08,246.88,247.57,101540.88
2025-09-14T11:00:00+00:00,SOL,247.57,247.83,245.46,245.98,238810.78
2025-09-14T12:00:00+00:00,SOL,245.98,246.57,244.59,245.14,152381.23
2025-09-14T13:00:00+00:00,SOL,245.14,245.75,243.15,243.65,173905.99
2025-09-14T14:00:00+00:00,SOL,243.66,245.0,241.42,243.22,369108.33
2025-09-14T15:00:00+00:00,SOL,243.22,244.21,241.8,243.78,192837.17
2025-09-14T16:00:00+00:00,SOL,243.78,245.74,243.34,245.1,170482.95
2025-09-14T17:00:00+00:00,SOL,245.1,248.45,244.47,247.9,236158.48
2025-09-14T18:00:00+00:00,SOL,247.91,247.96,244.5,244.5,226786.99
2025-09-14T19:00:00+00:00,SOL,244.5,245.22,242.01,242.4,309701.22
2025-09-14T20:00:00+00:00,SOL,242.39,243.35,240.89,242.36,299159.02
2025-09-14T21:00:00+00:00,SOL,242.4,244.7,240.5,244.02,254717.09
2025-09-14T22:00:00+00:00,SOL,244.13,244.21,240.7,242.91,285281.27
2025-09-14T23:00:00+00:00,SOL,242.91,242.91,239.25,239.69,228039.49
2025-09-15T00:00:00+00:00,SOL,239.69,242.15,239.56,240.64,182521.83
2025-09-15T01:00:00+00:00,SOL,240.65,241.75,239.09,241.1,287210.54
2025-09-15T02:00:00+00:00,SOL,241.1,242.7,240.22,241.99,247050.07
2025-09-15T03:00:00+00:00,SOL,242.0,243.36,241.93,242.61,144250.09
2025-09-15T04:00:00+00:00,SOL,242.61,243.48,242.0,242.78,109792.51
2025-09-15T05:00:00+00:00,SOL,242.79,244.03,242.55,244.0,81755.22
2025-09-15T06:00:00+00:00,SOL,244.0,244.02,239.55,240.3,166672.89
2025-09-15T07:00:00+00:00,SOL,240.31,241.25,236.09,237.94,375570.42
2025-09-15T08:00:00+00:00,SOL,237.95,238.06,232.0,232.1,561170.4300000001
2025-09-15T09:00:00+00:00,SOL,232.11,235.68,231.65,235.61,437702.94
2025-09-15T10:00:00+00:00,SOL,235.61,236.85,234.09,236.25,276940.07
2025-09-15T11:00:00+00:00,SOL,236.26,237.0,235.23,236.53,301777.36
2025-09-15T12:00:00+00:00,SOL,236.53,238.15,234.46,234.85,224552.79
2025-09-15T13:00:00+00:00,SOL,234.86,237.19,234.25,235.29,281476.36
2025-09-15T14:00:00+00:00,SOL,235.28,235.72,232.82,233.56,294061.68
2025-09-15T15:00:00+00:00,SOL,233.56,234.46,232.03,233.09,231277.27
2025-09-15T16:00:00+00:00,SOL,233.05,233.69,230.83,231.46,411568.78
2025-09-15T17:00:00+00:00,SOL,231.45,233.52,230.23,233.41,443341.67
2025-09-15T18:00:00+00:00,SOL,233.36,233.78,232.35,233.38,228308.97
2025-09-15T19:00:00+00:00,SOL,233.41,234.84,232.12,233.11,271213.02
2025-09-15T20:00:00+00:00,SOL,233.16,234.62,232.87,234.51,121690.87
2025-09-15T21:00:00+00:00,SOL,234.51,235.54,233.82,235.34,122830.22
2025-09-15T22:00:00+00:00,SOL,235.34,235.52,233.86,234.18,144198.64
2025-09-15T23:00:00+00:00,SOL,234.18,234.71,233.22,234.5,103110.48
2025-09-16T00:00:00+00:00,SOL,234.5,234.89,233.1,233.99,145637.42
2025-09-16T01:00:00+00:00,SOL,233.99,235.84,233.97,234.11,289280.66
2025-09-16T02:00:00+00:00,SOL,234.11,235.26,234.0,234.0,61125.27
2025-09-16T03:00:00+00:00,SOL,234.03,236.0,234.01,235.24,83507.11
2025-09-16T04:00:00+00:00,SOL,235.23,235.4,233.11,234.67,82219.66
2025-09-16T05:00:00+00:00,SOL,234.66,236.75,234.52,236.69,107367.06
2025-09-16T06:00:00+00:00,SOL,236.73,237.21,234.9,236.0,164009.4
2025-09-16T07:00:00+00:00,SOL,236.03,236.58,235.49,235.91,56665.7
2025-09-16T08:00:00+00:00,SOL,235.91,237.09,235.27,236.25,111685.94
2025-09-16T09:00:00+00:00,SOL,236.26,236.53,235.05,235.47,59558.43
2025-09-16T10:00:00+00:00,SOL,235.47,236.18,234.92,235.41,57769.96
2025-09-16T11:00:00+00:00,SOL,235.38,236.1,234.94,235.57,68933.66
2025-09-16T12:00:00+00:00,SOL,235.57,236.09,234.54,235.38,157724.21
2025-09-16T13:00:00+00:00,SOL,235.38,235.85,231.6,233.24,534698.05
2025-09-16T14:00:00+00:00,SOL,233.24,234.56,231.47,234.32,397139.16
2025-09-16T15:00:00+00:00,SOL,234.32,238.28,233.3,237.99,521244.75
2025-09-16T16:00:00+00:00,SOL,238.0,239.44,236.42,238.46,550074.17
2025-09-16T17:00:00+00:00,SOL,238.46,241.16,237.96,238.34,552057.9
2025-09-16T18:00:00+00:00,SOL,238.35,239.23,237.04,237.8,160418.26
2025-09-16T19:00:00+00:00,SOL,237.81,238.6,237.3,238.0,158418.72
2025-09-16T20:00:00+00:00,SOL,238.01,238.59,237.47,238.47,91312.04
2025-09-16T21:00:00+00:00,SOL,238.48,238.94,237.35,238.7,86150.04
2025-09-16T22:00:00+00:00,SOL,238.7,239.13,237.54,238.07,85315.49
2025-09-16T23:00:00+00:00,SOL,238.08,238.38,236.66,237.11,94391.28
2025-09-17T00:00:00+00:00,SOL,237.14,237.21,235.76,236.36,133201.77
2025-09-17T01:00:00+00:00,SOL,236.4,237.15,236.04,236.5,49540.6
2025-09-17T02:00:00+00:00,SOL,236.51,238.0,236.03,236.52,94035.3
2025-09-17T03:00:00+00:00,SOL,236.53,236.72,234.01,234.18,176242.77
2025-09-17T04:00:00+00:00,SOL,234.23,234.88,233.6,233.95,108481.73
2025-09-17T05:00:00+00:00,SOL,233.93,235.5,233.4,235.22,138257.89
2025-09-17T06:00:00+00:00,SOL,235.19,236.81,234.9,236.21,77747.32
2025-09-17T07:00:00+00:00,SOL,236.2,238.2,235.87,237.87,130304.24
2025-09-17T08:00:00+00:00,SOL,237.86,237.87,235.27,236.07,162382.94
2025-09-17T09:00:00+00:00,SOL,236.07,236.49,235.35,235.36,43834.99
2025-09-17T10:00:00+00:00,SOL,235.37,236.5,233.8,234.31,163771.93
2025-09-17T11:00:00+00:00,SOL,234.32,234.86,234.08,234.33,55615.98
2025-09-17T12:00:00+00:00,SOL,234.33,235.46,234.13,234.98,87228.23
2025-09-17T13:00:00+00:00,SOL,234.99,236.17,234.33,235.61,162033.46
2025-09-17T14:00:00+00:00,SOL,235.61,236.09,233.76,234.14,156044.11
2025-09-17T15:00:00+00:00,SOL,234.15,235.39,233.85,234.07,65461.86
2025-09-17T16:00:00+00:00,SOL,234.07,234.91,232.44,234.22,165221.92
2025-09-17T17:00:00+00:00,SOL,234.22,237.12,233.02,233.17,334032.6
2025-09-17T18:00:00+00:00,SOL,233.15,238.38,232.51,233.88,1175914.4199999999
2025-09-17T19:00:00+00:00,SOL,233.87,239.16,233.74,238.88,683153.87
2025-09-17T20:00:00+00:00,SOL,238.87,241.34,237.66,238.16,555212.7
2025-09-17T21:00:00+00:00,SOL,238.15,240.85,236.11,240.41,294847.42
2025-09-17T22:00:00+00:00,SOL,240.4,245.86,240.4,245.04,769894.6
2025-09-17T23:00:00+00:00,SOL,244.99,246.82,243.92,244.93,352240.53
2025-09-18T00:00:00+00:00,SOL,244.97,246.2,244.25,244.83,117299.54
2025-09-18T01:00:00+00:00,SOL,244.83,247.59,244.59,246.43,210485.95
2025-09-18T02:00:00+00:00,SOL,246.44,246.73,245.27,246.6,156963.2
2025-09-18T03:00:00+00:00,SOL,246.6,247.98,246.29,246.86,249265.71
2025-09-18T04:00:00+00:00,SOL,246.86,247.12,245.67,246.41,221402.5
2025-09-18T05:00:00+00:00,SOL,246.41,246.49,244.37,245.08,136571.33
2025-09-18T06:00:00+00:00,SOL,245.08,245.22,242.74,244.46,234250.66
2025-09-18T07:00:00+00:00,SOL,244.46,245.48,244.44,244.86,74609.99
2025-09-18T08:00:00+00:00,SOL,244.86,247.29,244.52,247.17,95387.47
2025-09-18T09:00:00+00:00,SOL,247.15,247.22,246.25,247.22,80130.07
2025-09-18T10:00:00+00:00,SOL,247.22,247.22,245.42,246.16,66277.25
2025-09-18T11:00:00+00:00,SOL,246.16,247.16,245.74,246.09,61491.04
2025-09-18T12:00:00+00:00,SOL,246.1,246.98,245.94,246.08,62736.96
2025-09-18T13:00:00+00:00,SOL,246.09,248.42,245.06,246.29,452284.04
2025-09-18T14:00:00+00:00,SOL,246.29,248.2,246.25,247.85,280493.14
2025-09-18T15:00:00+00:00,SOL,247.85,249.14,247.45,248.39,205505.71
2025-09-18T16:00:00+00:00,SOL,248.4,250.43,247.73,249.94,347598.34
2025-09-18T17:00:00+00:00,SOL,249.94,253.6,249.42,251.55,718015.3100000001
2025-09-18T18:00:00+00:00,SOL,251.55,251.58,250.03,250.59,150486.16
2025-09-18T19:00:00+00:00,SOL,250.59,250.65,247.65,248.53,465634.38
2025-09-18T20:00:00+00:00,SOL,248.53,249.39,248.1,248.51,161619.78
2025-09-18T21:00:00+00:00,SOL,248.5,248.79,247.61,247.77,145031.01
2025-09-18T22:00:00+00:00,SOL,247.76,248.36,247.12,247.28,193126.67
2025-09-18T23:00:00+00:00,SOL,247.27,247.9,246.13,247.72,178790.17
2025-09-19T00:00:00+00:00,SOL,247.71,248.5,247.35,248.38,91174.1
2025-09-19T01:00:00+00:00,SOL,248.38,248.78,246.96,247.68,179723.51
2025-09-19T02:00:00+00:00,SOL,247.67,248.17,246.59,246.9,93354.27
2025-09-19T03:00:00+00:00,SOL,246.89,247.94,244.8,245.2,267754.7
2025-09-19T04:00:00+00:00,SOL,245.19,245.64,243.11,245.2,394106.53
2025-09-19T05:00:00+00:00,SOL,245.21,246.04,244.47,245.87,216899.08
2025-09-19T06:00:00+00:00,SOL,245.86,245.91,243.64,243.8,253773.05
2025-09-19T07:00:00+00:00,SOL,243.8,245.08,243.34,244.01,105016.42
2025-09-19T08:00:00+00:00,SOL,244.01,245.01,243.65,243.99,64600.82
2025-09-19T09:00:00+00:00,SOL,244.0,244.52,242.34,243.0,144284.92
2025-09-19T10:00:00+00:00,SOL,243.0,243.11,241.91,242.5,165342.67
2025-09-19T11:00:00+00:00,SOL,242.5,242.59,240.34,241.08,226369.48
2025-09-19T12:00:00+00:00,SOL,241.08,242.21,240.62,241.0,111882.11
2025-09-19T13:00:00+00:00,SOL,240.94,242.55,240.85,242.35,307608.89
2025-09-19T14:00:00+00:00,SOL,242.35,242.87,239.75,239.79,288393.81
2025-09-19T15:00:00+00:00,SOL,239.81,239.83,236.03,237.71,902205.4399999999
2025-09-19T16:00:00+00:00,SOL,237.72,239.14,237.42,238.87,157848.27
2025-09-19T17:00:00+00:00,SOL,238.87,238.89,236.75,236.84,192261.93
2025-09-19T18:00:00+00:00,SOL,236.83,237.26,235.16,237.21,314782.33
2025-09-19T19:00:00+00:00,SOL,237.22,238.17,236.1,236.14,261303.17
2025-09-19T20:00:00+00:00,SOL,236.14,238.0,236.14,237.21,152028.0
2025-09-19T21:00:00+00:00,SOL,237.22,238.63,236.67,238.63,125798.35
2025-09-19T22:00:00+00:00,SOL,238.63,239.07,238.53,238.72,82428.87
2025-09-19T23:00:00+00:00,SOL,238.73,238.78,236.94,238.77,225280.73
2025-09-20T00:00:00+00:00,SOL,238.77,239.94,238.45,239.87,95822.01
2025-09-20T01:00:00+00:00,SOL,239.87,240.19,238.57,238.57,110811.38
2025-09-20T02:00:00+00:00,SOL,238.57,238.68,237.52,238.57,111210.04
2025-09-20T03:00:00+00:00,SOL,238.58,238.58,237.92,238.22,61212.55
2025-09-20T04:00:00+00:00,SOL,238.22,239.07,237.89,238.88,36724.93
2025-09-20T05:00:00+00:00,SOL,238.87,239.62,238.65,239.56,85585.86
2025-09-20T06:00:00+00:00,SOL,239.55,239.55,238.85,239.24,57205.06
2025-09-20T07:00:00+00:00,SOL,239.23,239.91,239.11,239.91,53757.34
2025-09-20T08:00:00+00:00,SOL,239.86,239.86,237.61,237.72,53138.94
2025-09-20T09:00:00+00:00,SOL,237.73,238.18,237.26,237.29,45378.21
2025-09-20T10:00:00+00:00,SOL,237.3,237.92,236.98,237.39,66963.17
2025-09-20T11:00:00+00:00,SOL,237.39,238.52,237.39,238.28,65021.14
2025-09-20T12:00:00+00:00,SOL,238.29,238.34,237.39,237.82,25230.73
2025-09-20T13:00:00+00:00,SOL,237.82,238.2,237.5,237.54,36455.53
2025-09-20T14:00:00+00:00,SOL,237.55,239.09,237.11,238.86,65551.36
2025-09-20T15:00:00+00:00,SOL,238.87,241.32,238.87,240.25,200178.89
2025-09-20T16:00:00+00:00,SOL,240.25,241.24,239.26,240.48,141288.52
2025-09-20T17:00:00+00:00,SOL,240.49,240.63,239.0,239.19,52959.11
2025-09-20T18:00:00+00:00,SOL,239.2,239.2,238.3,238.45,94209.4
2025-09-20T19:00:00+00:00,SOL,238.45,239.12,238.01,238.74,74631.79
2025-09-20T20:00:00+00:00,SOL,238.74,239.92,238.53,239.79,54789.77
2025-09-20T21:00:00+00:00,SOL,239.81,240.45,239.53,239.91,58261.52
2025-09-20T22:00:00+00:00,SOL,239.9,240.32,239.42,240.22,66326.57
2025-09-20T23:00:00+00:00,SOL,240.22,240.33,239.07,239.61,52470.0
2025-09-21T00:00:00+00:00,SOL,239.61,240.8,239.11,240.78,60936.63
2025-09-21T01:00:00+00:00,SOL,240.8,240.86,240.04,240.27,60423.23
2025-09-21T02:00:00+00:00,SOL,240.28,241.24,240.05,241.23,64983.78
2025-09-21T03:00:00+00:00,SOL,241.23,241.9,240.61,241.9,40585.49
2025-09-21T04:00:00+00:00,SOL,241.91,241.95,240.51,240.69,64969.23
2025-09-21T05:00:00+00:00,SOL,240.7,240.91,240.26,240.55,37194.68
2025-09-21T06:00:00+00:00,SOL,240.54,241.24,240.3,240.47,86156.21
2025-09-21T07:00:00+00:00,SOL,240.46,240.47,239.59,240.06,55116.88
2025-09-21T08:00:00+00:00,SOL,240.06,240.29,238.6,238.9,160006.56
2025-09-21T09:00:00+00:00,SOL,238.9,239.15,237.18,238.57,133286.35
2025-09-21T10:00:00+00:00,SOL,238.56,239.38,238.17,238.49,52743.19
2025-09-21T11:00:00+00:00,SOL,238.47,239.24,238.33,238.79,34064.55
2025-09-21T12:00:00+00:00,SOL,238.8,240.21,238.7,239.68,94715.33
2025-09-21T13:00:00+00:00,SOL,239.69,240.46,239.34,239.66,70296.02
2025-09-21T14:00:00+00:00,SOL,239.65,240.03,238.6,238.73,41260.19
2025-09-21T15:00:00+00:00,SOL,238.73,238.87,237.86,238.1,107991.87
2025-09-21T16:00:00+00:00,SOL,238.1,238.59,236.2,237.15,302069.24
2025-09-21T17:00:00+00:00,SOL,237.15,237.97,236.35,237.94,160165.89
2025-09-21T18:00:00+00:00,SOL,237.93,238.25,237.31,238.21,56421.98
2025-09-21T19:00:00+00:00,SOL,238.21,238.25,237.24,238.15,52528.88
2025-09-21T20:00:00+00:00,SOL,238.14,238.16,237.35,237.77,53817.19
2025-09-21T21:00:00+00:00,SOL,237.77,237.9,236.85,237.43,44014.09
2025-09-21T22:00:00+00:00,SOL,237.42,238.29,235.45,238.08,237989.29
2025-09-21T23:00:00+00:00,SOL,238.07,238.07,236.13,236.34,79220.71
2025-09-22T00:00:00+00:00,SOL,236.32,237.13,231.25,232.32,677341.38
2025-09-22T01:00:00+00:00,SOL,232.3,234.91,232.13,233.33,287555.07
2025-09-22T02:00:00+00:00,SOL,233.32,234.11,230.5,231.8,305801.01
2025-09-22T03:00:00+00:00,SOL,231.8,233.14,231.78,232.9,124416.29
2025-09-22T04:00:00+00:00,SOL,232.9,233.23,231.64,231.8,126530.47
2025-09-22T05:00:00+00:00,SOL,231.78,232.02,224.4,225.38,386052.68
2025-09-22T06:00:00+00:00,SOL,225.3,225.31,209.88,224.43,1814176.1599999999
2025-09-22T07:00:00+00:00,SOL,224.44,224.51,221.8,221.9,264577.03
2025-09-22T08:00:00+00:00,SOL,221.9,222.81,220.98,221.52,172844.42
2025-09-22T09:00:00+00:00,SOL,221.51,221.68,219.33,220.49,380683.23
2025-09-22T10:00:00+00:00,SOL,220.48,222.74,219.89,222.44,306729.09
2025-09-22T11:00:00+00:00,SOL,222.43,222.83,221.14,221.52,71875.81
2025-09-22T12:00:00+00:00,SOL,221.51,223.0,220.64,222.98,139509.75
2025-09-22T13:00:00+00:00,SOL,222.99,224.1,221.44,223.87,237283.95
2025-09-22T14:00:00+00:00,SOL,223.87,224.1,220.94,221.44,217323.01
2025-09-22T15:00:00+00:00,SOL,221.41,221.79,220.0,220.79,208569.81
2025-09-22T16:00:00+00:00,SOL,220.8,221.56,219.3,219.76,190613.47
2025-09-22T17:00:00+00:00,SOL,219.77,221.49,217.96,221.19,450933.58
2025-09-22T18:00:00+00:00,SOL,221.18,221.27,219.5,219.51,66700.29
2025-09-22T19:00:00+00:00,SOL,219.51,219.6,216.73,217.12,237113.88
2025-09-22T20:00:00+00:00,SOL,217.13,219.84,216.5,219.53,321379.9
2025-09-22T21:00:00+00:00,SOL,219.56,221.15,219.02,220.98,147352.3
2025-09-22T22:00:00+00:00,SOL,220.95,220.95,219.73,219.87,82711.66
2025-09-22T23:00:00+00:00,SOL,219.88,220.65,219.77,220.46,41432.41
2025-09-23T00:00:00+00:00,SOL,220.46,221.48,219.48,219.73,125093.74
2025-09-23T01:00:00+00:00,SOL,219.74,219.97,216.61,216.62,174218.12
2025-09-23T02:00:00+00:00,SOL,216.66,217.91,214.02,214.06,306386.72
2025-09-23T03:00:00+00:00,SOL,214.07,217.77,212.23,216.94,623906.3100000001
2025-09-23T04:00:00+00:00,SOL,216.94,217.43,213.95,215.78,184728.88
2025-09-23T05:00:00+00:00,SOL,215.77,217.8,214.67,216.94,127023.9
2025-09-23T06:00:00+00:00,SOL,216.94,220.3,216.91,219.23,182694.36
2025-09-23T07:00:00+00:00,SOL,219.21,219.49,218.61,218.96,61801.48
2025-09-23T08:00:00+00:00,SOL,218.97,220.29,218.45,220.04,107227.22
2025-09-23T09:00:00+00:00,SOL,220.04,220.86,218.22,218.65,126632.62
2025-09-23T10:00:00+00:00,SOL,218.65,219.28,218.27,219.09,60905.56
2025-09-23T11:00:00+00:00,SOL,219.09,219.66,217.87,219.36,70919.27
2025-09-23T12:00:00+00:00,SOL,219.32,220.66,218.75,219.9,112462.78
2025-09-23T13:00:00+00:00,SOL,219.9,220.2,218.63,219.01,138617.7
2025-09-23T14:00:00+00:00,SOL,219.03,220.64,217.57,217.64,200264.52
2025-09-23T15:00:00+00:00,SOL,217.65,219.9,217.0,219.25,205598.33
2025-09-23T16:00:00+00:00,SOL,219.24,221.6,217.77,220.41,186929.61
2025-09-23T17:00:00+00:00,SOL,220.38,220.55,215.83,216.63,235570.31
2025-09-23T18:00:00+00:00,SOL,216.7,217.15,215.15,215.73,310541.24
2025-09-23T19:00:00+00:00,SOL,215.73,217.13,214.13,214.49,372938.79
2025-09-23T20:00:00+00:00,SOL,214.44,215.27,213.18,215.24,255609.03
2025-09-23T21:00:00+00:00,SOL,215.24,216.66,214.41,215.77,108270.41
2025-09-23T22:00:00+00:00,SOL,215.78,216.37,214.6,215.18,173795.83
2025-09-23T23:00:00+00:00,SOL,215.18,215.87,213.15,213.18,125550.4
2025-09-24T00:00:00+00:00,SOL,213.19,215.53,213.16,213.32,117887.13
2025-09-24T01:00:00+00:00,SOL,213.32,216.3,212.66,216.12,289934.19
2025-09-24T02:00:00+00:00,SOL,216.13,216.4,213.23,214.23,293730.82
2025-09-24T03:00:00+00:00,SOL,214.23,214.62,207.25,208.43,874300.26
2025-09-24T04:00:00+00:00,SOL,208.42,209.14,204.79,207.99,856630.66
2025-09-24T05:00:00+00:00,SOL,207.97,210.44,207.72,209.63,308712.66
2025-09-24T06:00:00+00:00,SOL,209.65,211.33,208.55,210.89,316555.19
2025-09-24T07:00:00+00:00,SOL,210.9,210.98,209.45,210.54,137266.49
2025-09-24T08:00:00+00:00,SOL,210.56,211.14,209.92,210.8,75836.92
2025-09-24T09:00:00+00:00,SOL,210.8,211.07,209.75,210.91,61316.28
2025-09-24T10:00:00+00:00,SOL,210.9,211.43,210.04,210.83,73613.06
2025-09-24T11:00:00+00:00,SOL,210.83,212.56,210.68,212.29,199541.7
2025-09-24T12:00:00+00:00,SOL,212.31,213.26,211.71,211.86,85905.51
2025-09-24T13:00:00+00:00,SOL,211.87,213.07,211.39,211.57,115189.98
2025-09-24T14:00:00+00:00,SOL,211.58,216.24,211.38,215.59,288816.93
2025-09-24T15:00:00+00:00,SOL,215.59,216.06,213.26,213.57,247547.12
2025-09-24T16:00:00+00:00,SOL,213.58,214.43,213.16,213.83,91213.02
2025-09-24T17:00:00+00:00,SOL,213.83,215.47,213.48,215.11,84462.74
2025-09-24T18:00:00+00:00,SOL,215.14,215.18,213.35,213.89,90940.14
2025-09-24T19:00:00+00:00,SOL,213.89,214.18,212.4,213.12,109638.13
2025-09-24T20:00:00+00:00,SOL,213.12,213.19,210.81,212.07,139828.78
2025-09-24T21:00:00+00:00,SOL,212.08,212.59,210.66,211.23,75030.79
2025-09-24T22:00:00+00:00,SOL,211.23,212.28,210.9,211.69,110085.55
2025-09-24T23:00:00+00:00,SOL,211.69,212.21,211.23,211.58,60538.47
2025-09-25T00:00:00+00:00,SOL,211.57,212.42,210.16,210.69,157085.24
2025-09-25T01:00:00+00:00,SOL,210.67,211.16,207.7,208.08,350497.34
2025-09-25T02:00:00+00:00,SOL,208.13,211.72,206.75,209.98,390375.99
2025-09-25T03:00:00+00:00,SOL,209.97,210.03,205.88,207.19,360817.55
2025-09-25T04:00:00+00:00,SOL,207.17,207.43,202.66,204.25,633941.99
2025-09-25T05:00:00+00:00,SOL,204.21,205.86,203.12,205.34,176189.44
2025-09-25T06:00:00+00:00,SOL,205.33,205.62,203.3,203.54,161469.02
2025-09-25T07:00:00+00:00,SOL,203.53,205.12,203.2,204.14,174485.62
2025-09-25T08:00:00+00:00,SOL,204.13,205.45,203.56,204.26,149603.28
2025-09-25T09:00:00+00:00,SOL,204.27,205.86,201.74,202.14,321819.0
2025-09-25T10:00:00+00:00,SOL,202.14,203.62,201.81,201.9,180998.46
2025-09-25T11:00:00+00:00,SOL,201.9,202.42,200.56,201.26,173409.62
2025-09-25T12:00:00+00:00,SOL,201.25,202.47,195.66,198.37,983441.5699999999
2025-09-25T13:00:00+00:00,SOL,198.37,201.43,197.41,200.63,680032.59
2025-09-25T14:00:00+00:00,SOL,200.68,203.87,200.68,202.59,359395.74
2025-09-25T15:00:00+00:00,SOL,202.58,202.99,200.19,200.97,300218.41
2025-09-25T16:00:00+00:00,SOL,200.97,201.82,198.27,198.6,163406.76
2025-09-25T17:00:00+00:00,SOL,198.59,198.8,193.48,194.66,1143454.97
2025-09-25T18:00:00+00:00,SOL,194.66,199.47,194.39,199.41,582660.67
2025-09-25T19:00:00+00:00,SOL,199.34,200.79,197.22,197.9,226122.99
2025-09-25T20:00:00+00:00,SOL,197.97,198.57,195.06,196.1,206442.45
2025-09-25T21:00:00+00:00,SOL,196.1,197.29,194.61,196.23,219667.0
2025-09-25T22:00:00+00:00,SOL,196.22,197.43,193.77,194.51,267561.48
2025-09-25T23:00:00+00:00,SOL,194.51,195.97,191.32,192.6,473703.07
2025-09-26T00:00:00+00:00,SOL,192.62,195.82,192.46,195.58,397258.73
2025-09-26T01:00:00+00:00,SOL,195.58,197.08,195.04,195.72,400224.87
2025-09-26T02:00:00+00:00,SOL,195.78,197.41,195.29,196.34,375333.28
2025-09-26T03:00:00+00:00,SOL,196.39,197.24,195.04,196.35,185617.05
2025-09-26T04:00:00+00:00,SOL,196.34,197.27,194.97,195.64,91025.06
2025-09-26T05:00:00+00:00,SOL,195.64,197.19,194.29,195.0,123472.22
2025-09-26T06:00:00+00:00,SOL,195.01,196.89,193.68,195.1,156215.8
2025-09-26T07:00:00+00:00,SOL,195.09,196.71,194.0,196.23,175195.75
2025-09-26T08:00:00+00:00,SOL,196.18,196.9,195.68,196.07,93290.62
2025-09-26T09:00:00+00:00,SOL,196.07,196.48,193.67,194.58,182106.67
2025-09-26T10:00:00+00:00,SOL,194.58,194.65,191.7,192.07,135375.4
2025-09-26T11:00:00+00:00,SOL,192.04,193.94,190.75,193.36,196936.41
2025-09-26T12:00:00+00:00,SOL,193.37,198.0,192.05,196.5,487982.74
2025-09-26T13:00:00+00:00,SOL,196.52,197.22,194.37,196.98,282274.17
2025-09-26T14:00:00+00:00,SOL,196.98,197.16,193.27,194.26,209125.97
2025-09-26T15:00:00+00:00,SOL,194.3,196.71,194.12,195.91,122572.38
2025-09-26T16:00:00+00:00,SOL,195.91,199.7,195.7,199.51,205537.41
2025-09-26T17:00:00+00:00,SOL,199.5,201.95,199.05,201.31,328311.66
2025-09-26T18:00:00+00:00,SOL,201.31,202.55,200.79,201.7,168427.03
2025-09-26T19:00:00+00:00,SOL,201.7,201.84,198.92,200.63,245091.58
2025-09-26T20:00:00+00:00,SOL,200.57,200.81,199.43,199.86,90450.28
2025-09-26T21:00:00+00:00,SOL,199.83,202.36,199.63,202.22,149122.2
2025-09-26T22:00:00+00:00,SOL,202.24,203.84,201.78,203.45,117995.83
2025-09-26T23:00:00+00:00,SOL,203.44,205.38,202.72,205.04,157429.97
2025-09-27T00:00:00+00:00,SOL,205.04,205.25,203.97,205.07,111763.57
2025-09-27T01:00:00+00:00,SOL,205.06,205.33,203.46,204.28,112697.71
2025-09-27T02:00:00+00:00,SOL,204.29,204.67,203.55,203.61,43654.29
2025-09-27T03:00:00+00:00,SOL,203.6,205.02,203.54,203.8,70976.83
2025-09-27T04:00:00+00:00,SOL,203.79,204.05,203.12,203.6,40563.84
2025-09-27T05:00:00+00:00,SOL,203.59,203.6,202.16,202.43,81068.59
2025-09-27T06:00:00+00:00,SOL,202.44,202.59,201.71,202.59,32986.32
2025-09-27T07:00:00+00:00,SOL,202.59,203.11,201.43,202.0,26274.63
2025-09-27T08:00:00+00:00,SOL,201.99,202.14,200.74,200.82,69137.87
2025-09-27T09:00:00+00:00,SOL,200.81,201.38,199.72,201.1,210030.48
2025-09-27T10:00:00+00:00,SOL,201.1,201.97,200.4,201.54,78413.2
2025-09-27T11:00:00+00:00,SOL,201.55,201.95,201.23,201.59,32059.97
2025-09-27T12:00:00+00:00,SOL,201.59,202.89,200.86,202.36,66511.25
2025-09-27T13:00:00+00:00,SOL,202.36,203.32,202.06,202.82,34668.3
2025-09-27T14:00:00+00:00,SOL,202.82,203.62,202.23,202.62,51728.37
2025-09-27T15:00:00+00:00,SOL,202.61,203.59,201.7,203.42,66275.52
2025-09-27T16:00:00+00:00,SOL,203.42,203.51,202.63,202.77,52324.3
2025-09-27T17:00:00+00:00,SOL,202.83,202.83,200.79,201.84,104998.91
2025-09-27T18:00:00+00:00,SOL,201.75,202.1,200.82,201.56,40957.12
2025-09-27T19:00:00+00:00,SOL,201.57,202.28,201.2,202.13,51548.94
2025-09-27T20:00:00+00:00,SOL,202.13,202.81,201.81,202.53,33403.49
2025-09-27T21:00:00+00:00,SOL,202.54,203.99,202.18,203.79,78437.52
2025-09-27T22:00:00+00:00,SOL,203.8,204.86,203.31,203.85,61266.9
2025-09-27T23:00:00+00:00,SOL,203.82,204.2,203.12,203.38,40712.79
2025-09-28T00:00:00+00:00,SOL,203.37,203.99,202.47,202.88,40369.68
2025-09-28T01:00:00+00:00,SOL,202.89,203.12,200.92,201.1,88188.99
2025-09-28T02:00:00+00:00,SOL,201.1,201.99,200.93,201.34,37298.37
2025-09-28T03:00:00+00:00,SOL,201.37,201.86,200.7,201.32,22294.49
2025-09-28T04:00:00+00:00,SOL,201.31,201.88,201.11,201.8,22233.18
2025-09-28T05:00:00+00:00,SOL,201.8,202.38,201.07,201.23,17890.3
2025-09-28T06:00:00+00:00,SOL,201.21,201.71,200.28,201.65,32765.98
2025-09-28T07:00:00+00:00,SOL,201.64,202.26,201.08,202.0,18533.92
2025-09-28T08:00:00+00:00,SOL,202.03,202.65,201.31,201.71,35825.35
2025-09-28T09:00:00+00:00,SOL,201.71,201.97,200.53,200.61,60632.42
2025-09-28T10:00:00+00:00,SOL,200.61,200.94,200.11,200.73,23907.58
2025-09-28T11:00:00+00:00,SOL,200.76,200.78,199.13,199.75,93254.47
2025-09-28T12:00:00+00:00,SOL,199.76,199.86,197.89,198.34,121836.08
2025-09-28T13:00:00+00:00,SOL,198.33,201.3,198.19,201.05,127095.22
2025-09-28T14:00:00+00:00,SOL,201.11,201.9,200.32,201.78,72648.76
2025-09-28T15:00:00+00:00,SOL,201.79,203.47,201.77,203.3,127747.89
2025-09-28T16:00:00+00:00,SOL,203.28,204.66,203.13,203.93,101250.72
2025-09-28T17:00:00+00:00,SOL,203.94,205.73,203.86,204.94,269718.68
2025-09-28T18:00:00+00:00,SOL,204.9,206.28,204.66,206.03,112211.14
2025-09-28T19:00:00+00:00,SOL,206.04,206.52,205.3,206.04,78455.34
2025-09-28T20:00:00+00:00,SOL,206.08,207.68,205.91,206.72,233341.25
2025-09-28T21:00:00+00:00,SOL,206.73,207.19,206.41,207.12,64310.79
2025-09-28T22:00:00+00:00,SOL,207.14,209.87,207.13,209.44,357169.45
2025-09-28T23:00:00+00:00,SOL,209.46,210.89,209.46,210.74,208073.04
2025-09-29T00:00:00+00:00,SOL,210.75,210.78,209.01,209.12,144442.05
2025-09-29T01:00:00+00:00,SOL,209.15,209.89,208.76,209.35,117684.52
2025-09-29T02:00:00+00:00,SOL,209.36,210.7,208.86,209.59,124146.65
2025-09-29T03:00:00+00:00,SOL,209.61,210.27,209.01,210.16,100745.01
2025-09-29T04:00:00+00:00,SOL,210.19,210.59,209.74,209.93,48850.88
2025-09-29T05:00:00+00:00,SOL,209.94,210.06,208.73,209.03,35287.09
2025-09-29T06:00:00+00:00,SOL,209.03,209.09,207.69,208.03,95535.64
2025-09-29T07:00:00+00:00,SOL,208.03,209.17,207.32,208.86,87880.43
2025-09-29T08:00:00+00:00,SOL,208.85,209.58,208.13,208.81,49720.04
2025-09-29T09:00:00+00:00,SOL,208.81,209.03,207.78,208.13,48295.0
2025-09-29T10:00:00+00:00,SOL,208.12,208.23,206.39,206.52,76887.31
2025-09-29T11:00:00+00:00,SOL,206.51,207.34,205.9,207.0,96840.07
2025-09-29T12:00:00+00:00,SOL,207.0,207.93,205.11,205.33,134333.03
2025-09-29T13:00:00+00:00,SOL,205.3,209.41,204.52,208.77,472295.39
2025-09-29T14:00:00+00:00,SOL,208.79,212.8,208.59,212.35,717249.51
2025-09-29T15:00:00+00:00,SOL,212.36,213.47,209.78,210.02,327268.62
2025-09-29T16:00:00+00:00,SOL,210.02,211.56,208.27,208.63,189220.95
2025-09-29T17:00:00+00:00,SOL,208.64,210.31,207.59,210.17,200746.63
2025-09-29T18:00:00+00:00,SOL,210.18,210.76,209.07,210.76,187896.66
2025-09-29T19:00:00+00:00,SOL,210.76,213.49,210.44,212.85,176831.1
2025-09-29T20:00:00+00:00,SOL,212.89,214.5,212.46,214.36,206681.99
2025-09-29T21:00:00+00:00,SOL,214.36,214.71,213.61,214.16,93030.87
2025-09-29T22:00:00+00:00,SOL,214.17,214.3,213.01,213.59,57372.36
2025-09-29T23:00:00+00:00,SOL,213.59,213.95,212.39,212.73,101668.81
2025-09-30T00:00:00+00:00,SOL,212.74,213.68,211.24,211.32,151445.61
2025-09-30T01:00:00+00:00,SOL,211.31,212.97,209.78,210.54,209298.0
2025-09-30T02:00:00+00:00,SOL,210.57,211.25,210.0,210.49,69976.25
2025-09-30T03:00:00+00:00,SOL,210.5,211.47,210.22,210.66,78604.97
2025-09-30T04:00:00+00:00,SOL,210.66,211.73,210.18,210.21,89721.62
2025-09-30T05:00:00+00:00,SOL,210.22,210.75,208.94,210.0,85220.01
2025-09-30T06:00:00+00:00,SOL,210.01,210.88,209.5,210.24,47572.07
2025-09-30T07:00:00+00:00,SOL,210.28,210.79,208.53,208.94,90443.48
2025-09-30T08:00:00+00:00,SOL,208.95,208.99,207.71,207.77,98927.6
2025-09-30T09:00:00+00:00,SOL,207.77,207.94,205.52,205.85,370834.06
2025-09-30T10:00:00+00:00,SOL,205.85,206.86,205.43,206.46,115255.32
2025-09-30T11:00:00+00:00,SOL,206.47,207.19,205.8,206.98,53478.58
2025-09-30T12:00:00+00:00,SOL,206.98,207.39,205.88,206.08,129415.63
2025-09-30T13:00:00+00:00,SOL,206.08,209.51,205.59,207.64,388866.57
2025-09-30T14:00:00+00:00,SOL,207.64,208.78,206.0,208.75,275446.69
2025-09-30T15:00:00+00:00,SOL,208.75,208.75,204.63,205.87,264987.96
2025-09-30T16:00:00+00:00,SOL,205.88,206.25,204.15,205.03,147505.51
2025-09-30T17:00:00+00:00,SOL,205.04,206.24,204.67,205.57,142658.81
2025-09-30T18:00:00+00:00,SOL,205.6,207.73,205.27,207.49,165051.0
2025-09-30T19:00:00+00:00,SOL,207.49,209.14,207.0,208.92,340861.97
2025-09-30T20:00:00+00:00,SOL,208.92,210.09,208.09,209.77,93002.81
2025-09-30T21:00:00+00:00,SOL,209.77,210.83,209.14,209.51,157516.96
2025-09-30T22:00:00+00:00,SOL,209.55,210.83,207.68,207.97,152528.15
2025-09-30T23:00:00+00:00,SOL,207.97,208.84,207.5,208.64,150577.3
2025-10-01T00:00:00+00:00,SOL,208.65,209.36,206.35,207.42,200525.07
2025-10-01T01:00:00+00:00,SOL,207.44,210.68,207.08,210.55,91549.65
2025-10-01T02:00:00+00:00,SOL,210.54,210.83,209.09,209.12,71017.23
2025-10-01T03:00:00+00:00,SOL,209.12,209.54,206.54,206.64,88256.75
2025-10-01T04:00:00+00:00,SOL,206.65,209.47,206.27,208.42,76501.64
2025-10-01T05:00:00+00:00,SOL,208.42,209.94,208.42,208.91,112282.6
2025-10-01T06:00:00+00:00,SOL,208.92,209.48,207.8,207.89,74620.76
2025-10-01T07:00:00+00:00,SOL,207.87,210.26,207.8,210.09,73040.48
2025-10-01T08:00:00+00:00,SOL,210.06,217.32,209.78,216.49,568558.89
2025-10-01T09:00:00+00:00,SOL,216.49,217.91,215.76,217.53,413644.29
2025-10-01T10:00:00+00:00,SOL,217.53,217.7,215.99,216.57,233171.1
2025-10-01T11:00:00+00:00,SOL,216.58,217.86,216.57,217.72,175227.3
2025-10-01T12:00:00+00:00,SOL,217.73,219.36,217.13,218.49,199861.68
2025-10-01T13:00:00+00:00,SOL,218.49,219.86,218.31,219.23,227972.47
2025-10-01T14:00:00+00:00,SOL,219.3,220.59,218.85,219.42,428409.78
2025-10-01T15:00:00+00:00,SOL,219.42,220.17,218.6,220.15,262573.33
2025-10-01T16:00:00+00:00,SOL,220.16,220.87,218.79,219.01,228696.88
2025-10-01T17:00:00+00:00,SOL,218.99,219.64,217.25,217.26,189455.13
2025-10-01T18:00:00+00:00,SOL,217.26,219.56,217.25,219.02,145873.01
2025-10-01T19:00:00+00:00,SOL,219.05,220.34,218.92,219.94,170707.59
2025-10-01T20:00:00+00:00,SOL,219.95,220.17,219.09,219.35,89354.98
2025-10-01T21:00:00+00:00,SOL,219.36,219.36,218.34,218.93,119149.89
2025-10-01T22:00:00+00:00,SOL,218.93,219.9,218.92,219.46,189580.66
2025-10-01T23:00:00+00:00,SOL,219.43,222.79,219.31,221.96,198236.49
2025-10-02T00:00:00+00:00,SOL,221.96,222.33,219.6,219.71,272511.97
2025-10-02T01:00:00+00:00,SOL,219.71,222.93,219.44,222.75,142288.36
2025-10-02T02:00:00+00:00,SOL,222.69,224.01,221.28,223.17,167600.79
2025-10-02T03:00:00+00:00,SOL,223.19,224.94,222.73,223.65,262161.7
2025-10-02T04:00:00+00:00,SOL,223.64,224.87,222.55,223.72,179716.29
2025-10-02T05:00:00+00:00,SOL,223.71,226.61,223.69,224.01,250451.57
2025-10-02T06:00:00+00:00,SOL,224.0,225.68,223.43,224.83,96578.13
2025-10-02T07:00:00+00:00,SOL,224.83,225.13,222.36,222.81,88452.91
2025-10-02T08:00:00+00:00,SOL,222.83,224.62,222.6,224.62,38804.21
2025-10-02T09:00:00+00:00,SOL,224.62,225.48,223.93,225.04,69452.96
2025-10-02T10:00:00+00:00,SOL,225.05,225.68,224.75,225.04,92949.67
2025-10-02T11:00:00+00:00,SOL,225.0,226.59,224.66,225.18,83555.88
2025-10-02T12:00:00+00:00,SOL,225.18,227.3,224.89,227.24,146486.02
2025-10-02T13:00:00+00:00,SOL,227.22,227.37,224.55,226.38,316789.78
2025-10-02T14:00:00+00:00,SOL,226.39,226.62,223.07,223.53,312679.95
2025-10-02T15:00:00+00:00,SOL,223.53,227.23,222.5,227.04,233339.56
2025-10-02T16:00:00+00:00,SOL,227.11,229.17,226.24,227.87,268497.91
2025-10-02T17:00:00+00:00,SOL,227.87,230.15,227.26,229.65,213298.06
2025-10-02T18:00:00+00:00,SOL,229.67,233.12,229.63,232.18,315877.61
2025-10-02T19:00:00+00:00,SOL,232.19,233.68,231.46,232.11,378234.62
2025-10-02T20:00:00+00:00,SOL,232.11,232.5,230.64,232.49,199889.5
2025-10-02T21:00:00+00:00,SOL,232.49,233.84,232.24,232.42,290563.3
2025-10-02T22:00:00+00:00,SOL,232.46,233.75,231.92,232.97,224883.37
2025-10-02T23:00:00+00:00,SOL,232.97,234.8,232.81,234.63,290043.72
2025-10-03T00:00:00+00:00,SOL,234.64,234.7,231.71,231.77,92335.85
2025-10-03T01:00:00+00:00,SOL,231.78,232.59,230.39,230.87,119417.89
2025-10-03T02:00:00+00:00,SOL,230.83,233.3,230.68,233.2,86485.23
2025-10-03T03:00:00+00:00,SOL,233.19,234.74,231.93,232.14,230999.39
2025-10-03T04:00:00+00:00,SOL,232.13,233.13,231.24,231.9,160551.54
2025-10-03T05:00:00+00:00,SOL,231.91,232.08,230.2,231.1,113985.12
2025-10-03T06:00:00+00:00,SOL,231.1,231.44,227.69,229.25,162236.08
2025-10-03T07:00:00+00:00,SOL,229.25,229.62,228.47,229.28,86500.77
2025-10-03T08:00:00+00:00,SOL,229.29,231.12,227.74,230.94,85601.01
2025-10-03T09:00:00+00:00,SOL,230.94,231.68,230.59,230.82,55372.9
2025-10-03T10:00:00+00:00,SOL,230.81,231.53,230.26,231.18,42704.87
2025-10-03T11:00:00+00:00,SOL,231.16,231.19,229.45,230.67,56392.92
2025-10-03T12:00:00+00:00,SOL,230.69,231.17,229.61,229.89,46265.41
2025-10-03T13:00:00+00:00,SOL,229.92,230.94,228.62,229.66,160975.18
2025-10-03T14:00:00+00:00,SOL,229.65,230.93,227.11,230.45,241539.14
2025-10-03T15:00:00+00:00,SOL,230.39,234.88,229.4,234.7,467112.01
2025-10-03T16:00:00+00:00,SOL,234.7,237.0,233.59,233.76,631819.65
2025-10-03T17:00:00+00:00,SOL,233.79,234.02,228.38,229.99,919594.28
2025-10-03T18:00:00+00:00,SOL,230.01,233.66,229.08,233.63,294400.42
2025-10-03T19:00:00+00:00,SOL,233.61,235.48,232.77,233.12,233056.07
2025-10-03T20:00:00+00:00,SOL,233.15,233.44,230.76,232.96,195301.54
2025-10-03T21:00:00+00:00,SOL,232.99,233.4,232.79,232.9,8892.07
